timestamp	type	area	confidence	timestamp_gps	lat	lon
2025-04-12 14:58:55	face	76454	0.94	2025-04-12 14:58:55	None	None
2025-04-12 14:58:56	face	75946	0.94	2025-04-12 14:58:56	None	None
2025-04-12 14:58:56	face	77056	0.94	2025-04-12 14:58:56	None	None
2025-04-12 14:58:56	face	75900	0.94	2025-04-12 14:58:56	None	None
2025-04-12 14:58:56	face	77056	0.94	2025-04-12 14:58:56	None	None
2025-04-12 14:58:56	face	82460	0.93	2025-04-12 14:58:56	None	None
2025-04-12 14:58:57	face	88825	0.92	2025-04-12 14:58:57	None	None
2025-04-12 14:58:57	face	88228	0.93	2025-04-12 14:58:57	42.09697583333333	12.464366666666667
2025-04-12 14:58:57	face	85860	0.92	2025-04-12 14:58:57	42.09697583333333	12.464366666666667
2025-04-12 14:58:57	face	86178	0.92	2025-04-12 14:58:57	42.09697583333333	12.464366666666667
2025-04-12 14:58:57	face	85365	0.93	2025-04-12 14:58:57	42.09697583333333	12.464366666666667
2025-04-12 14:58:58	face	80434	0.92	2025-04-12 14:58:57	42.09697583333333	12.464366666666667
2025-04-12 14:58:58	face	93107	0.93	2025-04-12 14:58:57	42.09697583333333	12.464366666666667
2025-04-12 14:58:58	face	92070	0.92	2025-04-12 14:58:57	42.09697583333333	12.464366666666667
2025-04-12 14:58:58	face	79083	0.93	2025-04-12 14:58:57	42.09697583333333	12.464366666666667
2025-04-12 14:58:58	face	99180	0.92	2025-04-12 14:58:58	42.0969805	12.464365833333334
2025-04-12 14:58:58	face	87406	0.93	2025-04-12 14:58:58	42.0969805	12.464365833333334
2025-04-12 14:58:58	face	99960	0.92	2025-04-12 14:58:58	42.0969805	12.464365833333334
2025-04-12 14:58:59	face	90482	0.92	2025-04-12 14:58:58	42.0969805	12.464365833333334
2025-04-12 14:58:59	face	84105	0.91	2025-04-12 14:58:58	42.0969805	12.464365833333334
2025-04-12 14:58:59	face	84780	0.92	2025-04-12 14:58:58	42.0969805	12.464365833333334
2025-04-12 14:58:59	face	87633	0.91	2025-04-12 14:58:58	42.0969805	12.464365833333334
2025-04-12 14:58:59	face	89471	0.92	2025-04-12 14:58:58	42.0969805	12.464365833333334
2025-04-12 14:58:59	face	82460	0.92	2025-04-12 14:58:59	42.09699283333333	12.464362333333334
2025-04-12 14:58:59	face	81090	0.93	2025-04-12 14:58:59	42.09699283333333	12.464362333333334
2025-04-12 14:58:59	face	82992	0.92	2025-04-12 14:58:59	42.09699283333333	12.464362333333334
2025-04-12 14:58:59	face	81928	0.91	2025-04-12 14:58:59	42.09699283333333	12.464362333333334
2025-04-12 14:59:00	face	81312	0.93	2025-04-12 14:58:59	42.09699283333333	12.464362333333334
2025-04-12 14:59:00	face	69498	0.92	2025-04-12 14:58:59	42.09699283333333	12.464362333333334
2025-04-12 14:59:00	face	66164	0.91	2025-04-12 14:58:59	42.09699283333333	12.464362333333334
2025-04-12 14:59:00	face	72000	0.93	2025-04-12 14:58:59	42.09699283333333	12.464362333333334
2025-04-12 14:59:00	face	73332	0.92	2025-04-12 14:59:00	42.09701183333333	12.4643565
2025-04-12 14:59:00	face	78477	0.92	2025-04-12 14:59:00	42.09701183333333	12.4643565
2025-04-12 14:59:01	face	81620	0.91	2025-04-12 14:59:00	42.09701183333333	12.4643565
2025-04-12 14:59:01	face	88044	0.92	2025-04-12 14:59:00	42.09701183333333	12.4643565
2025-04-12 14:59:01	face	88000	0.92	2025-04-12 14:59:00	42.09701183333333	12.4643565
2025-04-12 14:59:01	face	86130	0.91	2025-04-12 14:59:00	42.09701183333333	12.4643565
2025-04-12 14:59:01	face	79605	0.93	2025-04-12 14:59:00	42.09701183333333	12.4643565
2025-04-12 14:59:01	face	73000	0.93	2025-04-12 14:59:00	42.09701183333333	12.4643565
2025-04-12 14:59:01	face	75990	0.92	2025-04-12 14:59:01	42.097032666666664	12.464348666666666
2025-04-12 14:59:01	face	81576	0.93	2025-04-12 14:59:01	42.097032666666664	12.464348666666666
2025-04-12 14:59:02	face	77658	0.91	2025-04-12 14:59:01	42.097032666666664	12.464348666666666
2025-04-12 14:59:02	face	81840	0.93	2025-04-12 14:59:01	42.097032666666664	12.464348666666666
2025-04-12 14:59:02	face	80434	0.92	2025-04-12 14:59:01	42.097032666666664	12.464348666666666
2025-04-12 14:59:02	face	83928	0.92	2025-04-12 14:59:01	42.097032666666664	12.464348666666666
2025-04-12 14:59:02	face	85094	0.90	2025-04-12 14:59:01	42.097032666666664	12.464348666666666
2025-04-12 14:59:03	face	76843	0.91	2025-04-12 14:59:01	42.097032666666664	12.464348666666666
2025-04-12 14:59:03	face	73500	0.93	2025-04-12 14:59:03	42.0970525	12.464341833333334
2025-04-12 14:59:03	face	77312	0.92	2025-04-12 14:59:03	42.0970525	12.464341833333334
2025-04-12 14:59:03	face	74045	0.94	2025-04-12 14:59:03	42.0970525	12.464341833333334
2025-04-12 14:59:03	face	75647	0.91	2025-04-12 14:59:03	42.0970525	12.464341833333334
2025-04-12 14:59:04	face	80080	0.93	2025-04-12 14:59:03	42.0970525	12.464341833333334
2025-04-12 14:59:04	face	79560	0.93	2025-04-12 14:59:03	42.0970525	12.464341833333334
2025-04-12 14:59:04	face	78477	0.92	2025-04-12 14:59:03	42.0970525	12.464341833333334
2025-04-12 14:59:04	face	81048	0.92	2025-04-12 14:59:03	42.0970525	12.464341833333334
2025-04-12 14:59:04	face	81312	0.93	2025-04-12 14:59:04	42.09707016666667	12.464333333333334
2025-04-12 14:59:05	face	79124	0.90	2025-04-12 14:59:04	42.09707016666667	12.464333333333334
2025-04-12 14:59:05	face	80741	0.92	2025-04-12 14:59:04	42.09707016666667	12.464333333333334
2025-04-12 14:59:05	face	84552	0.91	2025-04-12 14:59:04	42.09707016666667	12.464333333333334
2025-04-12 14:59:05	face	82194	0.93	2025-04-12 14:59:04	42.09707016666667	12.464333333333334
2025-04-12 14:59:05	face	82150	0.92	2025-04-12 14:59:04	42.09707016666667	12.464333333333334
2025-04-12 14:59:05	face	85365	0.91	2025-04-12 14:59:04	42.09707016666667	12.464333333333334
2025-04-12 14:59:05	face	84240	0.92	2025-04-12 14:59:04	42.09707016666667	12.464333333333334
2025-04-12 14:59:06	face	83970	0.91	2025-04-12 14:59:05	42.0970895	12.464323833333333
2025-04-12 14:59:06	face	86310	0.91	2025-04-12 14:59:05	42.0970895	12.464323833333333
2025-04-12 14:59:06	face	80434	0.93	2025-04-12 14:59:05	42.0970895	12.464323833333333
2025-04-12 14:59:06	face	79605	0.92	2025-04-12 14:59:05	42.0970895	12.464323833333333
2025-04-12 14:59:07	face	82236	0.92	2025-04-12 14:59:05	42.0970895	12.464323833333333
2025-04-12 14:59:07	face	85590	0.93	2025-04-12 14:59:05	42.0970895	12.464323833333333
2025-04-12 14:59:07	face	82992	0.93	2025-04-12 14:59:05	42.0970895	12.464323833333333
2025-04-12 14:59:07	face	77871	0.93	2025-04-12 14:59:05	42.0970895	12.464323833333333
2025-04-12 14:59:07	face	78822	0.91	2025-04-12 14:59:07	42.0971085	12.464316666666667
2025-04-12 14:59:07	face	80256	0.91	2025-04-12 14:59:07	42.0971085	12.464316666666667
2025-04-12 14:59:08	face	83884	0.92	2025-04-12 14:59:07	42.0971085	12.464316666666667
2025-04-12 14:59:08	face	82415	0.92	2025-04-12 14:59:07	42.0971085	12.464316666666667
2025-04-12 14:59:08	face	79866	0.91	2025-04-12 14:59:07	42.0971085	12.464316666666667
2025-04-12 14:59:08	face	78690	0.93	2025-04-12 14:59:07	42.0971085	12.464316666666667
2025-04-12 14:59:08	face	76245	0.93	2025-04-12 14:59:07	42.0971085	12.464316666666667
2025-04-12 14:59:08	face	82150	0.93	2025-04-12 14:59:07	42.0971085	12.464316666666667
2025-04-12 14:59:09	face	75647	0.93	2025-04-12 14:59:08	42.0971275	12.464311666666667
2025-04-12 14:59:09	face	81576	0.92	2025-04-12 14:59:08	42.0971275	12.464311666666667
2025-04-12 14:59:09	face	75008	0.91	2025-04-12 14:59:08	42.0971275	12.464311666666667
2025-04-12 14:59:09	face	61601	0.91	2025-04-12 14:59:08	42.0971275	12.464311666666667
2025-04-12 14:59:09	face	58649	0.91	2025-04-12 14:59:08	42.0971275	12.464311666666667
2025-04-12 14:59:09	face	62472	0.91	2025-04-12 14:59:08	42.0971275	12.464311666666667
2025-04-12 14:59:10	face	69360	0.91	2025-04-12 14:59:08	42.0971275	12.464311666666667
2025-04-12 14:59:10	face	70713	0.91	2025-04-12 14:59:08	42.0971275	12.464311666666667
2025-04-12 14:59:10	face	74129	0.89	2025-04-12 14:59:10	42.09714733333333	12.464306
2025-04-12 14:59:10	face	76032	0.88	2025-04-12 14:59:10	42.09714733333333	12.464306
2025-04-12 14:59:10	face	69825	0.88	2025-04-12 14:59:10	42.09714733333333	12.464306
2025-04-12 14:59:10	face	77100	0.89	2025-04-12 14:59:10	42.09714733333333	12.464306
2025-04-12 14:59:11	face	74676	0.89	2025-04-12 14:59:10	42.09714733333333	12.464306
2025-04-12 14:59:11	face	74676	0.89	2025-04-12 14:59:10	42.09714733333333	12.464306
2025-04-12 14:59:11	face	75184	0.88	2025-04-12 14:59:10	42.09714733333333	12.464306
2025-04-12 14:59:11	face	74500	0.91	2025-04-12 14:59:10	42.09714733333333	12.464306
2025-04-12 14:59:11	face	65926	0.91	2025-04-12 14:59:11	42.09716783333333	12.464299166666667
2025-04-12 14:59:11	face	61677	0.91	2025-04-12 14:59:11	42.09716783333333	12.464299166666667
2025-04-12 14:59:11	face	56134	0.91	2025-04-12 14:59:11	42.09716783333333	12.464299166666667
2025-04-12 14:59:11	face	55626	0.92	2025-04-12 14:59:11	42.09716783333333	12.464299166666667
2025-04-12 14:59:12	face	51240	0.93	2025-04-12 14:59:11	42.09716783333333	12.464299166666667
2025-04-12 14:59:12	face	44232	0.92	2025-04-12 14:59:11	42.09716783333333	12.464299166666667
2025-04-12 14:59:12	face	46600	0.92	2025-04-12 14:59:11	42.09716783333333	12.464299166666667
2025-04-12 14:59:12	face	42593	0.91	2025-04-12 14:59:11	42.09716783333333	12.464299166666667
2025-04-12 14:59:12	face	40480	0.85	2025-04-12 14:59:12	42.09719	12.464291
2025-04-12 14:59:12	face	36080	0.80	2025-04-12 14:59:12	42.09719	12.464291
2025-04-12 14:59:13	face	43548	0.91	2025-04-12 14:59:12	42.09719	12.464291
2025-04-12 14:59:13	face	57276	0.91	2025-04-12 14:59:12	42.09719	12.464291
2025-04-12 14:59:13	face	59701	0.91	2025-04-12 14:59:12	42.09719	12.464291
2025-04-12 14:59:13	face	55845	0.92	2025-04-12 14:59:12	42.09719	12.464291
2025-04-12 14:59:13	face	58760	0.92	2025-04-12 14:59:12	42.09719	12.464291
2025-04-12 14:59:13	face	59736	0.91	2025-04-12 14:59:13	42.09721416666667	12.464283333333332
2025-04-12 14:59:13	face	58950	0.91	2025-04-12 14:59:13	42.09721416666667	12.464283333333332
2025-04-12 14:59:13	face	59964	0.92	2025-04-12 14:59:13	42.09721416666667	12.464283333333332
2025-04-12 14:59:14	face	61446	0.91	2025-04-12 14:59:13	42.09721416666667	12.464283333333332
2025-04-12 14:59:14	face	58240	0.92	2025-04-12 14:59:13	42.09721416666667	12.464283333333332
2025-04-12 14:59:14	face	55913	0.91	2025-04-12 14:59:13	42.09721416666667	12.464283333333332
2025-04-12 14:59:14	face	53286	0.91	2025-04-12 14:59:13	42.09721416666667	12.464283333333332
2025-04-12 14:59:14	face	58275	0.91	2025-04-12 14:59:13	42.09721416666667	12.464283333333332
2025-04-12 14:59:14	face	58950	0.92	2025-04-12 14:59:14	42.09723916666667	12.464275333333333
2025-04-12 14:59:14	face	60420	0.92	2025-04-12 14:59:14	42.09723916666667	12.464275333333333
2025-04-12 14:59:15	face	59890	0.91	2025-04-12 14:59:14	42.09723916666667	12.464275333333333
2025-04-12 14:59:15	face	58725	0.91	2025-04-12 14:59:14	42.09723916666667	12.464275333333333
2025-04-12 14:59:15	face	63180	0.91	2025-04-12 14:59:14	42.09723916666667	12.464275333333333
2025-04-12 14:59:15	face	59664	0.90	2025-04-12 14:59:14	42.09723916666667	12.464275333333333
2025-04-12 14:59:15	face	55913	0.91	2025-04-12 14:59:14	42.09723916666667	12.464275333333333
2025-04-12 14:59:15	face	55471	0.90	2025-04-12 14:59:14	42.09723916666667	12.464275333333333
2025-04-12 14:59:15	face	57344	0.90	2025-04-12 14:59:15	42.09726533333333	12.4642665
2025-04-12 14:59:15	face	60720	0.90	2025-04-12 14:59:15	42.09726533333333	12.4642665
2025-04-12 14:59:16	face	60914	0.91	2025-04-12 14:59:15	42.09726533333333	12.4642665
2025-04-12 14:59:16	face	63215	0.90	2025-04-12 14:59:15	42.09726533333333	12.4642665
2025-04-12 14:59:16	face	63180	0.91	2025-04-12 14:59:15	42.09726533333333	12.4642665
2025-04-12 14:59:16	face	61180	0.90	2025-04-12 14:59:15	42.09726533333333	12.4642665
2025-04-12 14:59:16	face	56100	0.91	2025-04-12 14:59:15	42.09726533333333	12.4642665
2025-04-12 14:59:16	face	60490	0.90	2025-04-12 14:59:15	42.09726533333333	12.4642665
2025-04-12 14:59:16	face	63414	0.90	2025-04-12 14:59:16	42.097291	12.464258
2025-04-12 14:59:17	face	64736	0.90	2025-04-12 14:59:16	42.097291	12.464258
2025-04-12 14:59:17	face	60685	0.91	2025-04-12 14:59:16	42.097291	12.464258
2025-04-12 14:59:17	face	59212	0.91	2025-04-12 14:59:16	42.097291	12.464258
2025-04-12 14:59:17	face	67100	0.92	2025-04-12 14:59:16	42.097291	12.464258
2025-04-12 14:59:17	face	74240	0.91	2025-04-12 14:59:16	42.097291	12.464258
2025-04-12 14:59:17	face	70148	0.91	2025-04-12 14:59:16	42.097291	12.464258
2025-04-12 14:59:17	face	67480	0.91	2025-04-12 14:59:16	42.097291	12.464258
2025-04-12 14:59:17	face	68769	0.90	2025-04-12 14:59:17	42.097316	12.46425
2025-04-12 14:59:18	face	69825	0.91	2025-04-12 14:59:17	42.097316	12.46425
2025-04-12 14:59:18	face	71250	0.91	2025-04-12 14:59:17	42.097316	12.46425
2025-04-12 14:59:18	face	72037	0.92	2025-04-12 14:59:17	42.097316	12.46425
2025-04-12 14:59:18	face	67832	0.91	2025-04-12 14:59:17	42.097316	12.46425
2025-04-12 14:59:18	face	64625	0.91	2025-04-12 14:59:17	42.097316	12.46425
2025-04-12 14:59:18	face	62211	0.91	2025-04-12 14:59:17	42.097316	12.46425
2025-04-12 14:59:18	face	64664	0.91	2025-04-12 14:59:17	42.097316	12.46425
2025-04-12 14:59:19	face	63104	0.91	2025-04-12 14:59:18	42.09734016666667	12.464241666666666
2025-04-12 14:59:19	face	63143	0.92	2025-04-12 14:59:18	42.09734016666667	12.464241666666666
2025-04-12 14:59:19	face	65136	0.93	2025-04-12 14:59:18	42.09734016666667	12.464241666666666
2025-04-12 14:59:19	face	71176	0.92	2025-04-12 14:59:18	42.09734016666667	12.464241666666666
2025-04-12 14:59:19	face	72459	0.91	2025-04-12 14:59:18	42.09734016666667	12.464241666666666
2025-04-12 14:59:19	face	69540	0.93	2025-04-12 14:59:18	42.09734016666667	12.464241666666666
2025-04-12 14:59:19	face	73750	0.92	2025-04-12 14:59:18	42.09734016666667	12.464241666666666
2025-04-12 14:59:20	face	79910	0.93	2025-04-12 14:59:18	42.09734016666667	12.464241666666666
2025-04-12 14:59:20	face	76755	0.93	2025-04-12 14:59:20	42.09736433333333	12.464234
2025-04-12 14:59:20	face	73836	0.92	2025-04-12 14:59:20	42.09736433333333	12.464234
2025-04-12 14:59:20	face	73206	0.93	2025-04-12 14:59:20	42.09736433333333	12.464234
2025-04-12 14:59:20	face	80958	0.93	2025-04-12 14:59:20	42.09736433333333	12.464234
2025-04-12 14:59:20	face	76288	0.93	2025-04-12 14:59:20	42.09736433333333	12.464234
2025-04-12 14:59:20	face	73836	0.93	2025-04-12 14:59:20	42.09736433333333	12.464234
2025-04-12 14:59:20	face	72708	0.93	2025-04-12 14:59:20	42.09736433333333	12.464234
2025-04-12 14:59:21	face	71094	0.91	2025-04-12 14:59:20	42.09736433333333	12.464234
2025-04-12 14:59:21	face	74000	0.93	2025-04-12 14:59:21	42.097388	12.464225
2025-04-12 14:59:21	face	78822	0.92	2025-04-12 14:59:21	42.097388	12.464225
2025-04-12 14:59:21	face	74798	0.92	2025-04-12 14:59:21	42.097388	12.464225
2025-04-12 14:59:21	face	66640	0.91	2025-04-12 14:59:21	42.097388	12.464225
2025-04-12 14:59:21	face	65565	0.91	2025-04-12 14:59:21	42.097388	12.464225
2025-04-12 14:59:21	face	61104	0.93	2025-04-12 14:59:21	42.097388	12.464225
2025-04-12 14:59:22	face	57720	0.91	2025-04-12 14:59:21	42.097388	12.464225
2025-04-12 14:59:22	face	57720	0.91	2025-04-12 14:59:21	42.097388	12.464225
2025-04-12 14:59:22	face	59736	0.91	2025-04-12 14:59:21	42.097388	12.464225
2025-04-12 14:59:22	face	60609	0.91	2025-04-12 14:59:22	42.097582	12.4641475
2025-04-12 14:59:22	face	60342	0.92	2025-04-12 14:59:22	42.097582	12.4641475
2025-04-12 14:59:22	face	52364	0.91	2025-04-12 14:59:22	42.097582	12.4641475
2025-04-12 14:59:22	face	45080	0.91	2025-04-12 14:59:22	42.097582	12.4641475
2025-04-12 14:59:23	face	59400	0.92	2025-04-12 14:59:22	42.097582	12.4641475
2025-04-12 14:59:23	face	59890	0.92	2025-04-12 14:59:22	42.097582	12.4641475
2025-04-12 14:59:23	face	58203	0.92	2025-04-12 14:59:22	42.097582	12.4641475
2025-04-12 14:59:23	face	62560	0.91	2025-04-12 14:59:23	42.097608	12.464136833333333
2025-04-12 14:59:23	face	60609	0.92	2025-04-12 14:59:23	42.097608	12.464136833333333
2025-04-12 14:59:23	face	63020	0.91	2025-04-12 14:59:23	42.097608	12.464136833333333
2025-04-12 14:59:23	face	63294	0.95	2025-04-12 14:59:23	42.097608	12.464136833333333
2025-04-12 14:59:24	face	61290	0.95	2025-04-12 14:59:23	42.097608	12.464136833333333
2025-04-12 14:59:24	face	59890	0.91	2025-04-12 14:59:23	42.097608	12.464136833333333
2025-04-12 14:59:24	face	54684	0.92	2025-04-12 14:59:23	42.097608	12.464136833333333
2025-04-12 14:59:24	face	52398	0.92	2025-04-12 14:59:23	42.097608	12.464136833333333
2025-04-12 14:59:24	face	49266	0.93	2025-04-12 14:59:24	42.097634166666666	12.464128333333333
2025-04-12 14:59:24	face	46168	0.91	2025-04-12 14:59:24	42.097634166666666	12.464128333333333
2025-04-12 14:59:24	face	46400	0.92	2025-04-12 14:59:24	42.097634166666666	12.464128333333333
2025-04-12 14:59:24	face	53000	0.92	2025-04-12 14:59:24	42.097634166666666	12.464128333333333
2025-04-12 14:59:25	face	55808	0.90	2025-04-12 14:59:24	42.097634166666666	12.464128333333333
2025-04-12 14:59:25	face	54825	0.91	2025-04-12 14:59:24	42.097634166666666	12.464128333333333
2025-04-12 14:59:25	face	61908	0.91	2025-04-12 14:59:24	42.097634166666666	12.464128333333333
2025-04-12 14:59:25	face	64075	0.91	2025-04-12 14:59:24	42.097634166666666	12.464128333333333
2025-04-12 14:59:25	face	62288	0.91	2025-04-12 14:59:25	42.09766033333333	12.464118666666666
2025-04-12 14:59:25	face	63336	0.92	2025-04-12 14:59:25	42.09766033333333	12.464118666666666
2025-04-12 14:59:25	face	59438	0.92	2025-04-12 14:59:25	42.09766033333333	12.464118666666666
2025-04-12 14:59:25	face	57420	0.92	2025-04-12 14:59:25	42.09766033333333	12.464118666666666
2025-04-12 14:59:26	face	61601	0.92	2025-04-12 14:59:25	42.09766033333333	12.464118666666666
2025-04-12 14:59:26	face	64075	0.90	2025-04-12 14:59:25	42.09766033333333	12.464118666666666
2025-04-12 14:59:26	face	68926	0.90	2025-04-12 14:59:25	42.09766033333333	12.464118666666666
2025-04-12 14:59:26	face	64541	0.90	2025-04-12 14:59:25	42.09766033333333	12.464118666666666
2025-04-12 14:59:26	face	63104	0.92	2025-04-12 14:59:26	42.097686	12.464107333333333
2025-04-12 14:59:26	face	62100	0.90	2025-04-12 14:59:26	42.097686	12.464107333333333
2025-04-12 14:59:26	face	59890	0.89	2025-04-12 14:59:26	42.097686	12.464107333333333
2025-04-12 14:59:26	face	63336	0.89	2025-04-12 14:59:26	42.097686	12.464107333333333
2025-04-12 14:59:27	face	65608	0.91	2025-04-12 14:59:26	42.097686	12.464107333333333
2025-04-12 14:59:27	face	63525	0.91	2025-04-12 14:59:26	42.097686	12.464107333333333
2025-04-12 14:59:27	face	66360	0.90	2025-04-12 14:59:26	42.097686	12.464107333333333
2025-04-12 14:59:27	face	71832	0.91	2025-04-12 14:59:26	42.097686	12.464107333333333
2025-04-12 14:59:27	face	78432	0.89	2025-04-12 14:59:27	42.09771166666667	12.464095666666667
2025-04-12 14:59:27	face	76153	0.91	2025-04-12 14:59:27	42.09771166666667	12.464095666666667
2025-04-12 14:59:27	face	73704	0.91	2025-04-12 14:59:27	42.09771166666667	12.464095666666667
2025-04-12 14:59:27	face	72371	0.89	2025-04-12 14:59:27	42.09771166666667	12.464095666666667
2025-04-12 14:59:28	face	66402	0.90	2025-04-12 14:59:27	42.09771166666667	12.464095666666667
2025-04-12 14:59:28	face	66360	0.89	2025-04-12 14:59:27	42.09771166666667	12.464095666666667
2025-04-12 14:59:28	face	64116	0.89	2025-04-12 14:59:27	42.09771166666667	12.464095666666667
2025-04-12 14:59:28	face	62288	0.90	2025-04-12 14:59:27	42.09771166666667	12.464095666666667
2025-04-12 14:59:28	face	65800	0.90	2025-04-12 14:59:28	42.097737	12.464083833333333
2025-04-12 14:59:28	face	70227	0.90	2025-04-12 14:59:28	42.097737	12.464083833333333
2025-04-12 14:59:28	face	73160	0.90	2025-04-12 14:59:28	42.097737	12.464083833333333
2025-04-12 14:59:28	face	71672	0.91	2025-04-12 14:59:28	42.097737	12.464083833333333
2025-04-12 14:59:29	face	62176	0.91	2025-04-12 14:59:28	42.097737	12.464083833333333
2025-04-12 14:59:29	face	56540	0.92	2025-04-12 14:59:28	42.097737	12.464083833333333
2025-04-12 14:59:29	face	55913	0.91	2025-04-12 14:59:28	42.097737	12.464083833333333
2025-04-12 14:59:29	face	55372	0.92	2025-04-12 14:59:28	42.097737	12.464083833333333
2025-04-12 14:59:29	face	56100	0.92	2025-04-12 14:59:29	42.097755	12.464074666666667
2025-04-12 14:59:29	face	56797	0.93	2025-04-12 14:59:29	42.097755	12.464074666666667
2025-04-12 14:59:29	face	59438	0.91	2025-04-12 14:59:29	42.097755	12.464074666666667
2025-04-12 14:59:29	face	62910	0.92	2025-04-12 14:59:29	42.097755	12.464074666666667
2025-04-12 14:59:29	face	63648	0.92	2025-04-12 14:59:29	42.097755	12.464074666666667
2025-04-12 14:59:30	face	65136	0.92	2025-04-12 14:59:29	42.097755	12.464074666666667
2025-04-12 14:59:30	face	63414	0.92	2025-04-12 14:59:29	42.097755	12.464074666666667
2025-04-12 14:59:30	face	61640	0.92	2025-04-12 14:59:29	42.097755	12.464074666666667
2025-04-12 14:59:30	face	60192	0.92	2025-04-12 14:59:30	42.0977635	12.464071833333334
2025-04-12 14:59:30	face	60648	0.92	2025-04-12 14:59:30	42.0977635	12.464071833333334
2025-04-12 14:59:30	face	65688	0.92	2025-04-12 14:59:30	42.0977635	12.464071833333334
2025-04-12 14:59:30	face	63609	0.92	2025-04-12 14:59:30	42.0977635	12.464071833333334
2025-04-12 14:59:31	face	59701	0.94	2025-04-12 14:59:30	42.0977635	12.464071833333334
2025-04-12 14:59:31	face	60420	0.93	2025-04-12 14:59:30	42.0977635	12.464071833333334
2025-04-12 14:59:31	face	58016	0.92	2025-04-12 14:59:30	42.0977635	12.464071833333334
2025-04-12 14:59:31	face	58500	0.93	2025-04-12 14:59:30	42.0977635	12.464071833333334
2025-04-12 14:59:31	face	56355	0.93	2025-04-12 14:59:31	42.097766	12.464072166666666
2025-04-12 14:59:31	face	57534	0.93	2025-04-12 14:59:31	42.097766	12.464072166666666
2025-04-12 14:59:31	face	58986	0.93	2025-04-12 14:59:31	42.097766	12.464072166666666
2025-04-12 14:59:31	face	60685	0.92	2025-04-12 14:59:31	42.097766	12.464072166666666
2025-04-12 14:59:32	face	64938	0.92	2025-04-12 14:59:31	42.097766	12.464072166666666
2025-04-12 14:59:32	face	71750	0.92	2025-04-12 14:59:31	42.097766	12.464072166666666
2025-04-12 14:59:32	face	73406	0.94	2025-04-12 14:59:31	42.097766	12.464072166666666
2025-04-12 14:59:32	face	80030	0.93	2025-04-12 14:59:31	42.097766	12.464072166666666
2025-04-12 14:59:32	face	71750	0.92	2025-04-12 14:59:32	42.097768333333335	12.464072833333333
2025-04-12 14:59:32	face	69296	0.93	2025-04-12 14:59:32	42.097768333333335	12.464072833333333
2025-04-12 14:59:32	face	61944	0.93	2025-04-12 14:59:32	42.097768333333335	12.464072833333333
2025-04-12 14:59:32	face	59247	0.92	2025-04-12 14:59:32	42.097768333333335	12.464072833333333
2025-04-12 14:59:33	face	57757	0.92	2025-04-12 14:59:32	42.097768333333335	12.464072833333333
2025-04-12 14:59:33	face	56576	0.93	2025-04-12 14:59:32	42.097768333333335	12.464072833333333
2025-04-12 14:59:33	face	55845	0.93	2025-04-12 14:59:32	42.097768333333335	12.464072833333333
2025-04-12 14:59:33	face	56355	0.92	2025-04-12 14:59:32	42.097768333333335	12.464072833333333
2025-04-12 14:59:33	face	58016	0.93	2025-04-12 14:59:33	42.097775166666665	12.464070333333334
2025-04-12 14:59:33	face	58500	0.93	2025-04-12 14:59:33	42.097775166666665	12.464070333333334
2025-04-12 14:59:33	face	59664	0.92	2025-04-12 14:59:33	42.097775166666665	12.464070333333334
2025-04-12 14:59:33	face	63882	0.91	2025-04-12 14:59:33	42.097775166666665	12.464070333333334
2025-04-12 14:59:34	face	63063	0.93	2025-04-12 14:59:33	42.097775166666665	12.464070333333334
2025-04-12 14:59:34	face	65608	0.93	2025-04-12 14:59:33	42.097775166666665	12.464070333333334
2025-04-12 14:59:34	face	65926	0.93	2025-04-12 14:59:33	42.097775166666665	12.464070333333334
2025-04-12 14:59:34	face	70889	0.92	2025-04-12 14:59:33	42.097775166666665	12.464070333333334
2025-04-12 14:59:34	face	74844	0.92	2025-04-12 14:59:34	42.09778983333333	12.464064
2025-04-12 14:59:34	face	76800	0.93	2025-04-12 14:59:34	42.09778983333333	12.464064
2025-04-12 14:59:34	face	72124	0.93	2025-04-12 14:59:34	42.09778983333333	12.464064
2025-04-12 14:59:34	face	68444	0.91	2025-04-12 14:59:34	42.09778983333333	12.464064
2025-04-12 14:59:35	face	65486	0.92	2025-04-12 14:59:34	42.09778983333333	12.464064
2025-04-12 14:59:35	face	63609	0.91	2025-04-12 14:59:34	42.09778983333333	12.464064
2025-04-12 14:59:35	face	63842	0.91	2025-04-12 14:59:34	42.09778983333333	12.464064
2025-04-12 14:59:35	face	62872	0.91	2025-04-12 14:59:34	42.09778983333333	12.464064
2025-04-12 14:59:35	face	65212	0.91	2025-04-12 14:59:35	42.097809833333336	12.4640545
2025-04-12 14:59:35	face	66960	0.91	2025-04-12 14:59:35	42.097809833333336	12.4640545
2025-04-12 14:59:35	face	61104	0.91	2025-04-12 14:59:35	42.097809833333336	12.4640545
2025-04-12 14:59:36	face	54648	0.93	2025-04-12 14:59:35	42.097809833333336	12.4640545
2025-04-12 14:59:36	face	52398	0.92	2025-04-12 14:59:35	42.097809833333336	12.4640545
2025-04-12 14:59:36	face	53750	0.92	2025-04-12 14:59:35	42.097809833333336	12.4640545
2025-04-12 14:59:36	face	58566	0.91	2025-04-12 14:59:35	42.097809833333336	12.4640545
2025-04-12 14:59:36	face	69052	0.91	2025-04-12 14:59:35	42.097809833333336	12.4640545
2025-04-12 14:59:36	face	72500	0.91	2025-04-12 14:59:36	42.097834	12.464044666666666
2025-04-12 14:59:36	face	75735	0.91	2025-04-12 14:59:36	42.097834	12.464044666666666
2025-04-12 14:59:36	face	72210	0.92	2025-04-12 14:59:36	42.097834	12.464044666666666
2025-04-12 14:59:36	face	67962	0.91	2025-04-12 14:59:36	42.097834	12.464044666666666
2025-04-12 14:59:37	face	64075	0.91	2025-04-12 14:59:36	42.097834	12.464044666666666
2025-04-12 14:59:37	face	65608	0.91	2025-04-12 14:59:36	42.097834	12.464044666666666
2025-04-12 14:59:37	face	65688	0.91	2025-04-12 14:59:36	42.097834	12.464044666666666
2025-04-12 14:59:37	face	65247	0.91	2025-04-12 14:59:36	42.097834	12.464044666666666
2025-04-12 14:59:37	face	65175	0.91	2025-04-12 14:59:37	42.09786033333334	12.4640345
2025-04-12 14:59:37	face	64464	0.91	2025-04-12 14:59:37	42.09786033333334	12.4640345
2025-04-12 14:59:37	face	60984	0.91	2025-04-12 14:59:37	42.09786033333334	12.4640345
2025-04-12 14:59:38	face	69090	0.92	2025-04-12 14:59:37	42.09786033333334	12.4640345
2025-04-12 14:59:38	face	69052	0.91	2025-04-12 14:59:37	42.09786033333334	12.4640345
2025-04-12 14:59:38	face	66960	0.92	2025-04-12 14:59:37	42.09786033333334	12.4640345
2025-04-12 14:59:38	face	66442	0.92	2025-04-12 14:59:37	42.09786033333334	12.4640345
2025-04-12 14:59:38	face	68526	0.94	2025-04-12 14:59:37	42.09786033333334	12.4640345
2025-04-12 14:59:38	face	75776	0.92	2025-04-12 14:59:38	42.0978895	12.464026333333333
2025-04-12 14:59:38	face	73292	0.94	2025-04-12 14:59:38	42.0978895	12.464026333333333
2025-04-12 14:59:38	face	73584	0.93	2025-04-12 14:59:38	42.0978895	12.464026333333333
2025-04-12 14:59:39	face	69864	0.92	2025-04-12 14:59:38	42.0978895	12.464026333333333
2025-04-12 14:59:39	face	70642	0.92	2025-04-12 14:59:38	42.0978895	12.464026333333333
2025-04-12 14:59:39	face	71672	0.93	2025-04-12 14:59:38	42.0978895	12.464026333333333
2025-04-12 14:59:39	face	71424	0.92	2025-04-12 14:59:38	42.0978895	12.464026333333333
2025-04-12 14:59:39	face	73623	0.92	2025-04-12 14:59:38	42.0978895	12.464026333333333
2025-04-12 14:59:39	face	72500	0.93	2025-04-12 14:59:39	42.09791966666667	12.464015833333333
2025-04-12 14:59:39	face	68002	0.92	2025-04-12 14:59:39	42.09791966666667	12.464015833333333
2025-04-12 14:59:39	face	66164	0.92	2025-04-12 14:59:39	42.09791966666667	12.464015833333333
2025-04-12 14:59:40	face	68808	0.92	2025-04-12 14:59:39	42.09791966666667	12.464015833333333
2025-04-12 14:59:40	face	67760	0.91	2025-04-12 14:59:39	42.09791966666667	12.464015833333333
2025-04-12 14:59:40	face	67518	0.92	2025-04-12 14:59:39	42.09791966666667	12.464015833333333
2025-04-12 14:59:40	face	66240	0.91	2025-04-12 14:59:39	42.09791966666667	12.464015833333333
2025-04-12 14:59:40	face	61908	0.91	2025-04-12 14:59:39	42.09791966666667	12.464015833333333
2025-04-12 14:59:40	face	62677	0.92	2025-04-12 14:59:40	42.09795166666667	12.464005666666667
2025-04-12 14:59:41	face	63414	0.91	2025-04-12 14:59:40	42.09795166666667	12.464005666666667
2025-04-12 14:59:41	face	66203	0.94	2025-04-12 14:59:40	42.09795166666667	12.464005666666667
2025-04-12 14:59:41	face	68283	0.92	2025-04-12 14:59:40	42.09795166666667	12.464005666666667
2025-04-12 14:59:41	face	72250	0.93	2025-04-12 14:59:40	42.09795166666667	12.464005666666667
2025-04-12 14:59:41	face	69090	0.93	2025-04-12 14:59:40	42.09795166666667	12.464005666666667
2025-04-12 14:59:54	face	75692	0.90	2025-04-12 14:59:53	42.0984585	12.463802
2025-04-12 14:59:54	face	88320	0.91	2025-04-12 14:59:53	42.0984585	12.463802
2025-04-12 14:59:54	face	91606	0.91	2025-04-12 14:59:54	42.098503	12.463784333333333
2025-04-12 14:59:54	face	91975	0.91	2025-04-12 14:59:54	42.098503	12.463784333333333
2025-04-12 14:59:54	face	88682	0.92	2025-04-12 14:59:54	42.098503	12.463784333333333
2025-04-12 14:59:54	face	74460	0.91	2025-04-12 14:59:54	42.098503	12.463784333333333
2025-04-12 14:59:55	face	76245	0.93	2025-04-12 14:59:54	42.098503	12.463784333333333
2025-04-12 14:59:55	face	77614	0.93	2025-04-12 14:59:54	42.098503	12.463784333333333
2025-04-12 14:59:55	face	76245	0.92	2025-04-12 14:59:54	42.098503	12.463784333333333
2025-04-12 14:59:55	face	74888	0.92	2025-04-12 14:59:54	42.098503	12.463784333333333
2025-04-12 14:59:55	face	72459	0.91	2025-04-12 14:59:55	42.098544833333335	12.463769833333334
2025-04-12 14:59:55	face	72664	0.93	2025-04-12 14:59:55	42.098544833333335	12.463769833333334
2025-04-12 14:59:55	face	72664	0.92	2025-04-12 14:59:55	42.098544833333335	12.463769833333334
2025-04-12 14:59:55	face	74888	0.92	2025-04-12 14:59:55	42.098544833333335	12.463769833333334
2025-04-12 14:59:56	face	83304	0.92	2025-04-12 14:59:55	42.098544833333335	12.463769833333334
2025-04-12 14:59:56	face	73794	0.92	2025-04-12 14:59:55	42.098544833333335	12.463769833333334
2025-04-12 14:59:56	face	69454	0.94	2025-04-12 14:59:55	42.098544833333335	12.463769833333334
2025-04-12 14:59:56	face	67354	0.94	2025-04-12 14:59:55	42.098544833333335	12.463769833333334
2025-04-12 14:59:56	face	65052	0.91	2025-04-12 14:59:56	42.098586166666664	12.463752833333333
2025-04-12 14:59:56	face	63648	0.92	2025-04-12 14:59:56	42.098586166666664	12.463752833333333
2025-04-12 14:59:56	face	64664	0.91	2025-04-12 14:59:56	42.098586166666664	12.463752833333333
2025-04-12 14:59:57	face	62910	0.92	2025-04-12 14:59:56	42.098586166666664	12.463752833333333
2025-04-12 14:59:57	face	55188	0.92	2025-04-12 14:59:56	42.098586166666664	12.463752833333333
2025-04-12 14:59:57	face	53535	0.92	2025-04-12 14:59:56	42.098586166666664	12.463752833333333
2025-04-12 14:59:57	face	41172	0.91	2025-04-12 14:59:56	42.098586166666664	12.463752833333333
2025-04-12 14:59:57	face	39560	0.91	2025-04-12 14:59:56	42.098586166666664	12.463752833333333
2025-04-12 14:59:57	face	43584	0.91	2025-04-12 14:59:57	42.098624666666666	12.463738333333334
2025-04-12 14:59:57	face	49852	0.92	2025-04-12 14:59:57	42.098624666666666	12.463738333333334
2025-04-12 14:59:57	face	47874	0.92	2025-04-12 14:59:57	42.098624666666666	12.463738333333334
2025-04-12 14:59:57	face	51623	0.92	2025-04-12 14:59:57	42.098624666666666	12.463738333333334
2025-04-12 14:59:58	face	58123	0.92	2025-04-12 14:59:57	42.098624666666666	12.463738333333334
2025-04-12 14:59:58	face	65372	0.92	2025-04-12 14:59:57	42.098624666666666	12.463738333333334
2025-04-12 14:59:58	face	63294	0.92	2025-04-12 14:59:57	42.098624666666666	12.463738333333334
2025-04-12 14:59:58	face	67480	0.91	2025-04-12 14:59:57	42.098624666666666	12.463738333333334
2025-04-12 14:59:58	face	72912	0.92	2025-04-12 14:59:58	42.098666	12.463720666666667
2025-04-12 14:59:58	face	64774	0.93	2025-04-12 14:59:58	42.098666	12.463720666666667
2025-04-12 14:59:58	face	60116	0.92	2025-04-12 14:59:58	42.098666	12.463720666666667
2025-04-12 14:59:59	face	60685	0.91	2025-04-12 14:59:58	42.098666	12.463720666666667
2025-04-12 14:59:59	face	62370	0.90	2025-04-12 14:59:58	42.098666	12.463720666666667
2025-04-12 14:59:59	face	79300	0.93	2025-04-12 14:59:58	42.098666	12.463720666666667
2025-04-12 14:59:59	face	73794	0.92	2025-04-12 14:59:58	42.098666	12.463720666666667
2025-04-12 14:59:59	face	67680	0.93	2025-04-12 14:59:58	42.098666	12.463720666666667
2025-04-12 14:59:59	face	69540	0.94	2025-04-12 14:59:59	42.098707833333336	12.463703
2025-04-12 14:59:59	face	72459	0.93	2025-04-12 14:59:59	42.098707833333336	12.463703
2025-04-12 14:59:59	face	72124	0.92	2025-04-12 14:59:59	42.098707833333336	12.463703
2025-04-12 15:00:00	face	74296	0.94	2025-04-12 14:59:59	42.098707833333336	12.463703
2025-04-12 15:00:00	face	65136	0.92	2025-04-12 14:59:59	42.098707833333336	12.463703
2025-04-12 15:00:00	face	60116	0.90	2025-04-12 14:59:59	42.098707833333336	12.463703
2025-04-12 15:00:00	face	56064	0.91	2025-04-12 14:59:59	42.098707833333336	12.463703
2025-04-12 15:00:00	face	53072	0.91	2025-04-12 14:59:59	42.098707833333336	12.463703
2025-04-12 15:00:01	face	54395	0.90	2025-04-12 15:00:00	42.098750833333334	12.463687
2025-04-12 15:00:01	face	50020	0.91	2025-04-12 15:00:00	42.098750833333334	12.463687
2025-04-12 15:00:01	face	45507	0.89	2025-04-12 15:00:00	42.098750833333334	12.463687
2025-04-12 15:00:01	face	50369	0.91	2025-04-12 15:00:00	42.098750833333334	12.463687
2025-04-12 15:00:01	face	53676	0.92	2025-04-12 15:00:00	42.098750833333334	12.463687
2025-04-12 15:00:01	face	51484	0.91	2025-04-12 15:00:00	42.098750833333334	12.463687
2025-04-12 15:00:02	face	48995	0.92	2025-04-12 15:00:00	42.098750833333334	12.463687
2025-04-12 15:00:02	face	50336	0.91	2025-04-12 15:00:00	42.098750833333334	12.463687
2025-04-12 15:00:02	face	49200	0.92	2025-04-12 15:00:02	42.09879466666667	12.463671166666666
2025-04-12 15:00:02	face	51870	0.91	2025-04-12 15:00:02	42.09879466666667	12.463671166666666
2025-04-12 15:00:02	face	44620	0.91	2025-04-12 15:00:02	42.09879466666667	12.463671166666666
2025-04-12 15:00:02	face	48517	0.91	2025-04-12 15:00:02	42.09879466666667	12.463671166666666
2025-04-12 15:00:02	face	43811	0.88	2025-04-12 15:00:02	42.09879466666667	12.463671166666666
2025-04-12 15:00:03	face	47200	0.91	2025-04-12 15:00:02	42.09879466666667	12.463671166666666
2025-04-12 15:00:03	face	50094	0.90	2025-04-12 15:00:02	42.09879466666667	12.463671166666666
2025-04-12 15:00:03	face	49712	0.91	2025-04-12 15:00:02	42.09879466666667	12.463671166666666
2025-04-12 15:00:03	face	51972	0.92	2025-04-12 15:00:03	42.098838666666666	12.463655
2025-04-12 15:00:03	face	45704	0.91	2025-04-12 15:00:03	42.098838666666666	12.463655
2025-04-12 15:00:03	face	52824	0.92	2025-04-12 15:00:03	42.098838666666666	12.463655
2025-04-12 15:00:03	face	52398	0.92	2025-04-12 15:00:03	42.098838666666666	12.463655
2025-04-12 15:00:04	face	50960	0.92	2025-04-12 15:00:03	42.098838666666666	12.463655
2025-04-12 15:00:04	face	53714	0.92	2025-04-12 15:00:03	42.098838666666666	12.463655
2025-04-12 15:00:04	face	49852	0.91	2025-04-12 15:00:03	42.098838666666666	12.463655
2025-04-12 15:00:04	face	54142	0.93	2025-04-12 15:00:03	42.098838666666666	12.463655
2025-04-12 15:00:04	face	55913	0.91	2025-04-12 15:00:04	42.098881166666665	12.463641333333333
2025-04-12 15:00:04	face	58760	0.91	2025-04-12 15:00:04	42.098881166666665	12.463641333333333
2025-04-12 15:00:04	face	65964	0.93	2025-04-12 15:00:04	42.098881166666665	12.463641333333333
2025-04-12 15:00:04	face	62640	0.92	2025-04-12 15:00:04	42.098881166666665	12.463641333333333
2025-04-12 15:00:04	face	64860	0.92	2025-04-12 15:00:04	42.098881166666665	12.463641333333333
2025-04-12 15:00:05	face	69012	0.94	2025-04-12 15:00:04	42.098881166666665	12.463641333333333
2025-04-12 15:00:05	face	68728	0.94	2025-04-12 15:00:04	42.098881166666665	12.463641333333333
2025-04-12 15:00:05	face	62139	0.91	2025-04-12 15:00:04	42.098881166666665	12.463641333333333
2025-04-12 15:00:05	face	62946	0.92	2025-04-12 15:00:05	42.098924	12.463627
2025-04-12 15:00:05	face	63414	0.92	2025-04-12 15:00:05	42.098924	12.463627
2025-04-12 15:00:05	face	62640	0.94	2025-04-12 15:00:05	42.098924	12.463627
2025-04-12 15:00:05	face	63414	0.92	2025-04-12 15:00:05	42.098924	12.463627
2025-04-12 15:00:06	face	58164	0.90	2025-04-12 15:00:05	42.098924	12.463627
2025-04-12 15:00:06	face	53250	0.90	2025-04-12 15:00:05	42.098924	12.463627
2025-04-12 15:00:06	face	54356	0.91	2025-04-12 15:00:05	42.098924	12.463627
2025-04-12 15:00:06	face	53928	0.91	2025-04-12 15:00:05	42.098924	12.463627
2025-04-12 15:00:06	face	49610	0.88	2025-04-12 15:00:06	42.09896616666666	12.463612166666667
2025-04-12 15:00:06	face	49164	0.88	2025-04-12 15:00:06	42.09896616666666	12.463612166666667
2025-04-12 15:00:06	face	48039	0.90	2025-04-12 15:00:06	42.09896616666666	12.463612166666667
2025-04-12 15:00:06	face	46530	0.90	2025-04-12 15:00:06	42.09896616666666	12.463612166666667
2025-04-12 15:00:07	face	48348	0.92	2025-04-12 15:00:06	42.09896616666666	12.463612166666667
2025-04-12 15:00:07	face	60914	0.91	2025-04-12 15:00:06	42.09896616666666	12.463612166666667
2025-04-12 15:00:07	face	70560	0.93	2025-04-12 15:00:06	42.09896616666666	12.463612166666667
2025-04-12 15:00:07	face	73455	0.93	2025-04-12 15:00:06	42.09896616666666	12.463612166666667
2025-04-12 15:00:07	face	75692	0.93	2025-04-12 15:00:07	42.099004666666666	12.463598
2025-04-12 15:00:07	face	77700	0.93	2025-04-12 15:00:07	42.099004666666666	12.463598
2025-04-12 15:00:07	face	70516	0.91	2025-04-12 15:00:07	42.099004666666666	12.463598
2025-04-12 15:00:08	face	65844	0.91	2025-04-12 15:00:07	42.099004666666666	12.463598
2025-04-12 15:00:08	face	61020	0.93	2025-04-12 15:00:07	42.099004666666666	12.463598
2025-04-12 15:00:08	face	56026	0.91	2025-04-12 15:00:07	42.099004666666666	12.463598
2025-04-12 15:00:08	face	55808	0.91	2025-04-12 15:00:07	42.099004666666666	12.463598
2025-04-12 15:00:08	face	55590	0.91	2025-04-12 15:00:07	42.099004666666666	12.463598
2025-04-12 15:00:08	face	57200	0.91	2025-04-12 15:00:08	42.099041666666665	12.463579666666666
2025-04-12 15:00:08	face	55552	0.91	2025-04-12 15:00:08	42.099041666666665	12.463579666666666
2025-04-12 15:00:08	face	53500	0.91	2025-04-12 15:00:08	42.099041666666665	12.463579666666666
2025-04-12 15:00:09	face	60382	0.91	2025-04-12 15:00:08	42.099041666666665	12.463579666666666
2025-04-12 15:00:09	face	55118	0.91	2025-04-12 15:00:08	42.099041666666665	12.463579666666666
2025-04-12 15:00:09	face	61372	0.90	2025-04-12 15:00:08	42.099041666666665	12.463579666666666
2025-04-12 15:00:09	face	59175	0.92	2025-04-12 15:00:08	42.099041666666665	12.463579666666666
2025-04-12 15:00:09	face	66998	0.92	2025-04-12 15:00:08	42.099041666666665	12.463579666666666
2025-04-12 15:00:09	face	65688	0.92	2025-04-12 15:00:09	42.099077333333334	12.463554166666666
2025-04-12 15:00:21	face	57420	0.88	2025-04-12 15:00:20	42.09906333333333	12.462967833333334
2025-04-12 15:00:21	face	58426	0.91	2025-04-12 15:00:20	42.09906333333333	12.462967833333334
2025-04-12 15:00:21	face	60155	0.91	2025-04-12 15:00:20	42.09906333333333	12.462967833333334
2025-04-12 15:00:22	face	59212	0.92	2025-04-12 15:00:20	42.09906333333333	12.462967833333334
2025-04-12 15:00:22	face	59664	0.92	2025-04-12 15:00:22	42.099057	12.4629025
2025-04-12 15:00:22	face	59964	0.91	2025-04-12 15:00:22	42.099057	12.4629025
2025-04-12 15:00:22	face	66402	0.92	2025-04-12 15:00:22	42.099057	12.4629025
2025-04-12 15:00:22	face	64390	0.93	2025-04-12 15:00:22	42.099057	12.4629025
2025-04-12 15:00:22	face	66480	0.92	2025-04-12 15:00:22	42.099057	12.4629025
2025-04-12 15:00:22	face	68808	0.92	2025-04-12 15:00:22	42.099057	12.4629025
2025-04-12 15:00:23	face	71463	0.91	2025-04-12 15:00:22	42.099057	12.4629025
2025-04-12 15:00:23	face	77959	0.93	2025-04-12 15:00:22	42.099057	12.4629025
2025-04-12 15:00:23	face	69696	0.94	2025-04-12 15:00:23	42.099049	12.462836333333334
2025-04-12 15:00:23	face	67721	0.91	2025-04-12 15:00:23	42.099049	12.462836333333334
2025-04-12 15:00:23	face	63842	0.92	2025-04-12 15:00:23	42.099049	12.462836333333334
2025-04-12 15:00:23	face	58016	0.92	2025-04-12 15:00:23	42.099049	12.462836333333334
2025-04-12 15:00:23	face	66442	0.92	2025-04-12 15:00:23	42.099049	12.462836333333334
2025-04-12 15:00:24	face	67760	0.93	2025-04-12 15:00:23	42.099049	12.462836333333334
2025-04-12 15:00:24	face	69012	0.92	2025-04-12 15:00:23	42.099049	12.462836333333334
2025-04-12 15:00:24	face	59964	0.92	2025-04-12 15:00:23	42.099049	12.462836333333334
2025-04-12 15:00:24	face	60227	0.91	2025-04-12 15:00:24	42.099039833333336	12.462771666666667
2025-04-12 15:00:24	face	57498	0.93	2025-04-12 15:00:24	42.099039833333336	12.462771666666667
2025-04-12 15:00:24	face	55913	0.91	2025-04-12 15:00:24	42.099039833333336	12.462771666666667
2025-04-12 15:00:24	face	53105	0.91	2025-04-12 15:00:24	42.099039833333336	12.462771666666667
2025-04-12 15:00:25	face	50787	0.92	2025-04-12 15:00:24	42.099039833333336	12.462771666666667
2025-04-12 15:00:25	face	56610	0.92	2025-04-12 15:00:24	42.099039833333336	12.462771666666667
2025-04-12 15:00:25	face	55118	0.93	2025-04-12 15:00:24	42.099039833333336	12.462771666666667
2025-04-12 15:00:25	face	53714	0.92	2025-04-12 15:00:24	42.099039833333336	12.462771666666667
2025-04-12 15:00:25	face	55660	0.92	2025-04-12 15:00:25	42.09903116666667	12.462705333333334
2025-04-12 15:00:25	face	54864	0.92	2025-04-12 15:00:25	42.09903116666667	12.462705333333334
2025-04-12 15:00:25	face	56540	0.93	2025-04-12 15:00:25	42.09903116666667	12.462705333333334
2025-04-12 15:00:26	face	50470	0.92	2025-04-12 15:00:25	42.09903116666667	12.462705333333334
2025-04-12 15:00:26	face	53037	0.92	2025-04-12 15:00:25	42.09903116666667	12.462705333333334
2025-04-12 15:00:26	face	61601	0.92	2025-04-12 15:00:25	42.09903116666667	12.462705333333334
2025-04-12 15:00:26	face	67159	0.93	2025-04-12 15:00:25	42.09903116666667	12.462705333333334
2025-04-12 15:00:26	face	63685	0.92	2025-04-12 15:00:25	42.09903116666667	12.462705333333334
2025-04-12 15:00:26	face	64496	0.91	2025-04-12 15:00:26	42.099023333333335	12.462637666666666
2025-04-12 15:00:26	face	57980	0.93	2025-04-12 15:00:26	42.099023333333335	12.462637666666666
2025-04-12 15:00:27	face	58426	0.94	2025-04-12 15:00:26	42.099023333333335	12.462637666666666
2025-04-12 15:00:27	face	62872	0.92	2025-04-12 15:00:26	42.099023333333335	12.462637666666666
2025-04-12 15:00:27	face	63414	0.92	2025-04-12 15:00:26	42.099023333333335	12.462637666666666
2025-04-12 15:00:27	face	60382	0.92	2025-04-12 15:00:26	42.099023333333335	12.462637666666666
2025-04-12 15:00:27	face	64900	0.93	2025-04-12 15:00:26	42.099023333333335	12.462637666666666
2025-04-12 15:00:27	face	66920	0.93	2025-04-12 15:00:26	42.099023333333335	12.462637666666666
2025-04-12 15:00:28	face	66960	0.92	2025-04-12 15:00:27	42.099015	12.4625665
2025-04-12 15:00:28	face	68160	0.92	2025-04-12 15:00:27	42.099015	12.4625665
2025-04-12 15:00:28	face	58649	0.92	2025-04-12 15:00:27	42.099015	12.4625665
2025-04-12 15:00:28	face	67159	0.92	2025-04-12 15:00:27	42.099015	12.4625665
2025-04-12 15:00:28	face	46488	0.90	2025-04-12 15:00:27	42.099015	12.4625665
2025-04-12 15:00:28	face	42625	0.91	2025-04-12 15:00:27	42.099015	12.4625665
2025-04-12 15:00:29	face	43200	0.91	2025-04-12 15:00:27	42.099015	12.4625665
2025-04-12 15:00:29	face	40425	0.90	2025-04-12 15:00:27	42.099015	12.4625665
2025-04-12 15:00:29	face	38086	0.88	2025-04-12 15:00:29	42.099004666666666	12.462492833333334
2025-04-12 15:00:29	face	42300	0.90	2025-04-12 15:00:29	42.099004666666666	12.462492833333334
2025-04-12 15:00:29	face	40848	0.90	2025-04-12 15:00:29	42.099004666666666	12.462492833333334
2025-04-12 15:00:29	face	43680	0.90	2025-04-12 15:00:29	42.099004666666666	12.462492833333334
2025-04-12 15:00:29	face	47320	0.90	2025-04-12 15:00:29	42.099004666666666	12.462492833333334
2025-04-12 15:00:29	face	46458	0.92	2025-04-12 15:00:29	42.099004666666666	12.462492833333334
2025-04-12 15:00:30	face	49408	0.92	2025-04-12 15:00:29	42.099004666666666	12.462492833333334
2025-04-12 15:00:30	face	52877	0.93	2025-04-12 15:00:29	42.099004666666666	12.462492833333334
2025-04-12 15:00:30	face	57311	0.91	2025-04-12 15:00:30	42.09899433333333	12.462419166666667
2025-04-12 15:00:30	face	59664	0.93	2025-04-12 15:00:30	42.09899433333333	12.462419166666667
2025-04-12 15:00:30	face	59458	0.92	2025-04-12 15:00:30	42.09899433333333	12.462419166666667
2025-04-12 15:00:30	face	49029	0.91	2025-04-12 15:00:30	42.09899433333333	12.462419166666667
2025-04-12 15:00:30	face	40467	0.90	2025-04-12 15:00:30	42.09899433333333	12.462419166666667
2025-04-12 15:00:30	face	38682	0.87	2025-04-12 15:00:30	42.09899433333333	12.462419166666667
2025-04-12 15:00:31	face	35258	0.88	2025-04-12 15:00:30	42.09899433333333	12.462419166666667
2025-04-12 15:00:31	face	41470	0.89	2025-04-12 15:00:30	42.09899433333333	12.462419166666667
2025-04-12 15:00:31	face	43120	0.88	2025-04-12 15:00:31	42.0989835	12.462348166666667
2025-04-12 15:00:31	face	35934	0.85	2025-04-12 15:00:31	42.0989835	12.462348166666667
2025-04-12 15:00:31	face	36960	0.80	2025-04-12 15:00:31	42.0989835	12.462348166666667
2025-04-12 15:00:31	face	35695	0.89	2025-04-12 15:00:31	42.0989835	12.462348166666667
2025-04-12 15:00:31	face	39900	0.89	2025-04-12 15:00:31	42.0989835	12.462348166666667
2025-04-12 15:00:32	face	37050	0.89	2025-04-12 15:00:31	42.0989835	12.462348166666667
2025-04-12 15:00:32	face	31806	0.88	2025-04-12 15:00:31	42.0989835	12.462348166666667
2025-04-12 15:00:33	face	34034	0.87	2025-04-12 15:00:33	42.09894716666667	12.462218333333333
2025-04-12 15:00:33	face	40326	0.90	2025-04-12 15:00:33	42.09894716666667	12.462218333333333
2025-04-12 15:00:33	face	43274	0.91	2025-04-12 15:00:33	42.09894716666667	12.462218333333333
2025-04-12 15:00:33	face	46207	0.90	2025-04-12 15:00:33	42.09894716666667	12.462218333333333
2025-04-12 15:00:34	face	42772	0.89	2025-04-12 15:00:33	42.09894716666667	12.462218333333333
2025-04-12 15:00:34	face	43355	0.90	2025-04-12 15:00:33	42.09894716666667	12.462218333333333
2025-04-12 15:00:34	face	54604	0.93	2025-04-12 15:00:34	42.098918	12.4621645
2025-04-12 15:00:34	face	52688	0.91	2025-04-12 15:00:34	42.098918	12.4621645
2025-04-12 15:00:34	face	63135	0.92	2025-04-12 15:00:34	42.098918	12.4621645
2025-04-12 15:00:34	face	78948	0.93	2025-04-12 15:00:34	42.098918	12.4621645
2025-04-12 15:00:34	face	79952	0.92	2025-04-12 15:00:34	42.098918	12.4621645
2025-04-12 15:00:34	face	91692	0.91	2025-04-12 15:00:34	42.098918	12.4621645
2025-04-12 15:00:35	face	100048	0.91	2025-04-12 15:00:34	42.098918	12.4621645
2025-04-12 15:00:35	face	108018	0.92	2025-04-12 15:00:34	42.098918	12.4621645
2025-04-12 15:00:35	face	111696	0.92	2025-04-12 15:00:35	42.098882833333334	12.462113
2025-04-12 15:00:35	face	100890	0.90	2025-04-12 15:00:35	42.098882833333334	12.462113
2025-04-12 15:00:35	face	82415	0.86	2025-04-12 15:00:35	42.098882833333334	12.462113
2025-04-12 15:00:36	face	76146	0.86	2025-04-12 15:00:35	42.098882833333334	12.462113
2025-04-12 15:00:36	face	72664	0.90	2025-04-12 15:00:36	42.09884733333333	12.462067666666666
2025-04-12 15:00:36	face	66757	0.92	2025-04-12 15:00:36	42.09884733333333	12.462067666666666
2025-04-12 15:00:36	face	57534	0.92	2025-04-12 15:00:36	42.09884733333333	12.462067666666666
2025-04-12 15:00:36	face	52152	0.93	2025-04-12 15:00:36	42.09884733333333	12.462067666666666
2025-04-12 15:00:36	face	63180	0.91	2025-04-12 15:00:36	42.09884733333333	12.462067666666666
2025-04-12 15:00:37	face	67554	0.92	2025-04-12 15:00:36	42.09884733333333	12.462067666666666
2025-04-12 15:00:37	face	66442	0.94	2025-04-12 15:00:36	42.09884733333333	12.462067666666666
2025-04-12 15:00:37	face	64155	0.91	2025-04-12 15:00:36	42.09884733333333	12.462067666666666
2025-04-12 15:00:37	face	61712	0.94	2025-04-12 15:00:37	42.098808	12.46203
2025-04-12 15:00:37	face	54936	0.92	2025-04-12 15:00:37	42.098808	12.46203
2025-04-12 15:00:37	face	65136	0.94	2025-04-12 15:00:37	42.098808	12.46203
2025-04-12 15:00:37	face	62370	0.93	2025-04-12 15:00:37	42.098808	12.46203
2025-04-12 15:00:37	face	64390	0.92	2025-04-12 15:00:37	42.098808	12.46203
2025-04-12 15:00:38	face	63143	0.93	2025-04-12 15:00:37	42.098808	12.46203
2025-04-12 15:00:38	face	64584	0.93	2025-04-12 15:00:37	42.098808	12.46203
2025-04-12 15:00:38	face	67920	0.94	2025-04-12 15:00:37	42.098808	12.46203
2025-04-12 15:00:38	face	64428	0.93	2025-04-12 15:00:38	42.09877083333333	12.462001
2025-04-12 15:00:38	face	59964	0.92	2025-04-12 15:00:38	42.09877083333333	12.462001
2025-04-12 15:00:38	face	56832	0.91	2025-04-12 15:00:38	42.09877083333333	12.462001
2025-04-12 15:00:38	face	54033	0.91	2025-04-12 15:00:38	42.09877083333333	12.462001
2025-04-12 15:00:38	face	56576	0.92	2025-04-12 15:00:38	42.09877083333333	12.462001
2025-04-12 15:00:39	face	56388	0.91	2025-04-12 15:00:38	42.09877083333333	12.462001
2025-04-12 15:00:39	face	59052	0.92	2025-04-12 15:00:38	42.09877083333333	12.462001
2025-04-12 15:00:39	face	62478	0.91	2025-04-12 15:00:38	42.09877083333333	12.462001
2025-04-12 15:00:39	face	64192	0.91	2025-04-12 15:00:39	42.098733333333335	12.461980333333333
2025-04-12 15:00:39	face	61908	0.92	2025-04-12 15:00:39	42.098733333333335	12.461980333333333
2025-04-12 15:00:39	face	65725	0.92	2025-04-12 15:00:39	42.098733333333335	12.461980333333333
2025-04-12 15:00:39	face	66480	0.92	2025-04-12 15:00:39	42.098733333333335	12.461980333333333
2025-04-12 15:00:39	face	68040	0.92	2025-04-12 15:00:39	42.098733333333335	12.461980333333333
2025-04-12 15:00:40	face	70928	0.91	2025-04-12 15:00:39	42.098733333333335	12.461980333333333
2025-04-12 15:00:40	face	71176	0.91	2025-04-12 15:00:39	42.098733333333335	12.461980333333333
2025-04-12 15:00:40	face	62444	0.91	2025-04-12 15:00:39	42.098733333333335	12.461980333333333
2025-04-12 15:00:40	face	62640	0.91	2025-04-12 15:00:40	42.098697333333334	12.461964166666666
2025-04-12 15:00:40	face	66550	0.91	2025-04-12 15:00:40	42.098697333333334	12.461964166666666
2025-04-12 15:00:40	face	65212	0.91	2025-04-12 15:00:40	42.098697333333334	12.461964166666666
2025-04-12 15:00:40	face	67797	0.91	2025-04-12 15:00:40	42.098697333333334	12.461964166666666
2025-04-12 15:00:41	face	70110	0.93	2025-04-12 15:00:40	42.098697333333334	12.461964166666666
2025-04-12 15:00:41	face	65486	0.92	2025-04-12 15:00:40	42.098697333333334	12.461964166666666
2025-04-12 15:00:41	face	59508	0.92	2025-04-12 15:00:40	42.098697333333334	12.461964166666666
2025-04-12 15:00:41	face	60720	0.92	2025-04-12 15:00:40	42.098697333333334	12.461964166666666
2025-04-12 15:00:41	face	60950	0.90	2025-04-12 15:00:41	42.09866266666667	12.461951666666666
2025-04-12 15:00:41	face	60950	0.91	2025-04-12 15:00:41	42.09866266666667	12.461951666666666
2025-04-12 15:00:41	face	64192	0.91	2025-04-12 15:00:41	42.09866266666667	12.461951666666666
2025-04-12 15:00:41	face	71176	0.92	2025-04-12 15:00:41	42.09866266666667	12.461951666666666
2025-04-12 15:00:42	face	78822	0.92	2025-04-12 15:00:41	42.09866266666667	12.461951666666666
2025-04-12 15:00:42	face	70928	0.91	2025-04-12 15:00:41	42.09866266666667	12.461951666666666
2025-04-12 15:00:42	face	61677	0.91	2025-04-12 15:00:41	42.09866266666667	12.461951666666666
2025-04-12 15:00:42	face	60753	0.92	2025-04-12 15:00:41	42.09866266666667	12.461951666666666
2025-04-12 15:00:42	face	58534	0.91	2025-04-12 15:00:42	42.098626333333335	12.461939833333334
2025-04-12 15:00:42	face	58050	0.91	2025-04-12 15:00:42	42.098626333333335	12.461939833333334
2025-04-12 15:00:42	face	55154	0.92	2025-04-12 15:00:42	42.098626333333335	12.461939833333334
2025-04-12 15:00:43	face	55660	0.91	2025-04-12 15:00:42	42.098626333333335	12.461939833333334
2025-04-12 15:00:43	face	60155	0.93	2025-04-12 15:00:42	42.098626333333335	12.461939833333334
2025-04-12 15:00:43	face	52644	0.92	2025-04-12 15:00:42	42.098626333333335	12.461939833333334
2025-04-12 15:00:43	face	52430	0.92	2025-04-12 15:00:42	42.098626333333335	12.461939833333334
2025-04-12 15:00:43	face	66240	0.91	2025-04-12 15:00:42	42.098626333333335	12.461939833333334
2025-04-12 15:00:43	face	65136	0.91	2025-04-12 15:00:43	42.09859083333333	12.461928833333333
2025-04-12 15:00:43	face	58912	0.92	2025-04-12 15:00:43	42.09859083333333	12.461928833333333
2025-04-12 15:00:43	face	64664	0.92	2025-04-12 15:00:43	42.09859083333333	12.461928833333333
2025-04-12 15:00:44	face	64584	0.91	2025-04-12 15:00:43	42.09859083333333	12.461928833333333
2025-04-12 15:00:44	face	67276	0.93	2025-04-12 15:00:43	42.09859083333333	12.461928833333333
2025-04-12 15:00:44	face	71383	0.94	2025-04-12 15:00:43	42.09859083333333	12.461928833333333
2025-04-12 15:00:44	face	73836	0.91	2025-04-12 15:00:43	42.09859083333333	12.461928833333333
2025-04-12 15:00:44	face	74844	0.93	2025-04-12 15:00:43	42.09859083333333	12.461928833333333
2025-04-12 15:00:44	face	71214	0.93	2025-04-12 15:00:44	42.09855983333333	12.4619145
2025-04-12 15:00:44	face	75141	0.94	2025-04-12 15:00:44	42.09855983333333	12.4619145
2025-04-12 15:00:45	face	78260	0.93	2025-04-12 15:00:44	42.09855983333333	12.4619145
2025-04-12 15:00:45	face	76800	0.91	2025-04-12 15:00:44	42.09855983333333	12.4619145
2025-04-12 15:00:55	face	63414	0.91	2025-04-12 15:00:54	42.0981185	12.4617015
2025-04-12 15:00:55	face	62370	0.91	2025-04-12 15:00:54	42.0981185	12.4617015
2025-04-12 15:00:55	face	65688	0.91	2025-04-12 15:00:55	42.09808133333333	12.4616575
2025-04-12 15:00:56	face	66920	0.92	2025-04-12 15:00:55	42.09808133333333	12.4616575
2025-04-12 15:00:56	face	64664	0.91	2025-04-12 15:00:55	42.09808133333333	12.4616575
2025-04-12 15:00:56	face	59400	0.91	2025-04-12 15:00:55	42.09808133333333	12.4616575
2025-04-12 15:00:56	face	51414	0.92	2025-04-12 15:00:55	42.09808133333333	12.4616575
2025-04-12 15:00:56	face	51205	0.92	2025-04-12 15:00:55	42.09808133333333	12.4616575
2025-04-12 15:00:56	face	55660	0.93	2025-04-12 15:00:55	42.09808133333333	12.4616575
2025-04-12 15:00:56	face	58793	0.94	2025-04-12 15:00:55	42.09808133333333	12.4616575
2025-04-12 15:00:57	face	61908	0.94	2025-04-12 15:00:56	42.09804883333333	12.461607666666666
2025-04-12 15:00:57	face	61908	0.94	2025-04-12 15:00:56	42.09804883333333	12.461607666666666
2025-04-12 15:00:57	face	59964	0.93	2025-04-12 15:00:56	42.09804883333333	12.461607666666666
2025-04-12 15:00:57	face	48585	0.92	2025-04-12 15:00:56	42.09804883333333	12.461607666666666
2025-04-12 15:00:57	face	45472	0.92	2025-04-12 15:00:56	42.09804883333333	12.461607666666666
2025-04-12 15:00:57	face	47436	0.91	2025-04-12 15:00:56	42.09804883333333	12.461607666666666
2025-04-12 15:00:57	face	47760	0.91	2025-04-12 15:00:56	42.09804883333333	12.461607666666666
2025-04-12 15:00:57	face	48278	0.92	2025-04-12 15:00:56	42.09804883333333	12.461607666666666
2025-04-12 15:00:58	face	50922	0.91	2025-04-12 15:00:57	42.0980205	12.461553166666667
2025-04-12 15:00:58	face	47838	0.92	2025-04-12 15:00:57	42.0980205	12.461553166666667
2025-04-12 15:00:58	face	50058	0.91	2025-04-12 15:00:57	42.0980205	12.461553166666667
2025-04-12 15:00:58	face	52539	0.91	2025-04-12 15:00:57	42.0980205	12.461553166666667
2025-04-12 15:00:58	face	50960	0.91	2025-04-12 15:00:57	42.0980205	12.461553166666667
2025-04-12 15:00:58	face	54610	0.91	2025-04-12 15:00:57	42.0980205	12.461553166666667
2025-04-12 15:00:58	face	54610	0.92	2025-04-12 15:00:57	42.0980205	12.461553166666667
2025-04-12 15:00:59	face	58426	0.91	2025-04-12 15:00:57	42.0980205	12.461553166666667
2025-04-12 15:00:59	face	58203	0.91	2025-04-12 15:00:59	42.097995	12.461495833333334
2025-04-12 15:00:59	face	54467	0.92	2025-04-12 15:00:59	42.097995	12.461495833333334
2025-04-12 15:00:59	face	54901	0.92	2025-04-12 15:00:59	42.097995	12.461495833333334
2025-04-12 15:00:59	face	55590	0.92	2025-04-12 15:00:59	42.097995	12.461495833333334
2025-04-12 15:00:59	face	54936	0.91	2025-04-12 15:00:59	42.097995	12.461495833333334
2025-04-12 15:00:59	face	52117	0.92	2025-04-12 15:00:59	42.097995	12.461495833333334
2025-04-12 15:01:00	face	50094	0.93	2025-04-12 15:00:59	42.097995	12.461495833333334
2025-04-12 15:01:00	face	52364	0.92	2025-04-12 15:00:59	42.097995	12.461495833333334
2025-04-12 15:01:00	face	52152	0.92	2025-04-12 15:01:00	42.0979715	12.4614375
2025-04-12 15:01:00	face	54250	0.92	2025-04-12 15:01:00	42.0979715	12.4614375
2025-04-12 15:01:00	face	51695	0.92	2025-04-12 15:01:00	42.0979715	12.4614375
2025-04-12 15:01:00	face	53500	0.93	2025-04-12 15:01:00	42.0979715	12.4614375
2025-04-12 15:01:00	face	51695	0.91	2025-04-12 15:01:00	42.0979715	12.4614375
2025-04-12 15:01:00	face	50301	0.91	2025-04-12 15:01:00	42.0979715	12.4614375
2025-04-12 15:01:01	face	52824	0.92	2025-04-12 15:01:00	42.0979715	12.4614375
2025-04-12 15:01:01	face	54901	0.91	2025-04-12 15:01:00	42.0979715	12.4614375
2025-04-12 15:01:01	face	47672	0.92	2025-04-12 15:01:01	42.09795183333333	12.46138
2025-04-12 15:01:01	face	45113	0.93	2025-04-12 15:01:01	42.09795183333333	12.46138
2025-04-12 15:01:01	face	45969	0.91	2025-04-12 15:01:01	42.09795183333333	12.46138
2025-04-12 15:01:01	face	46600	0.92	2025-04-12 15:01:01	42.09795183333333	12.46138
2025-04-12 15:01:01	face	55372	0.90	2025-04-12 15:01:01	42.09795183333333	12.46138
2025-04-12 15:01:02	face	53165	0.90	2025-04-12 15:01:01	42.09795183333333	12.46138
2025-04-12 15:01:02	face	56100	0.91	2025-04-12 15:01:01	42.09795183333333	12.46138
2025-04-12 15:01:02	face	56832	0.91	2025-04-12 15:01:01	42.09795183333333	12.46138
2025-04-12 15:01:02	face	52152	0.92	2025-04-12 15:01:02	42.09793483333333	12.4613245
2025-04-12 15:01:02	face	46200	0.91	2025-04-12 15:01:02	42.09793483333333	12.4613245
2025-04-12 15:01:02	face	45507	0.92	2025-04-12 15:01:02	42.09793483333333	12.4613245
2025-04-12 15:01:02	face	46864	0.90	2025-04-12 15:01:02	42.09793483333333	12.4613245
2025-04-12 15:01:02	face	56134	0.89	2025-04-12 15:01:02	42.09793483333333	12.4613245
2025-04-12 15:01:03	face	58649	0.91	2025-04-12 15:01:02	42.09793483333333	12.4613245
2025-04-12 15:01:03	face	59890	0.90	2025-04-12 15:01:02	42.09793483333333	12.4613245
2025-04-12 15:01:03	face	58500	0.91	2025-04-12 15:01:02	42.09793483333333	12.4613245
2025-04-12 15:01:03	face	57757	0.91	2025-04-12 15:01:03	42.097918166666666	12.461273833333333
2025-04-12 15:01:03	face	54936	0.90	2025-04-12 15:01:03	42.097918166666666	12.461273833333333
2025-04-12 15:01:03	face	54180	0.91	2025-04-12 15:01:03	42.097918166666666	12.461273833333333
2025-04-12 15:01:03	face	58986	0.91	2025-04-12 15:01:03	42.097918166666666	12.461273833333333
2025-04-12 15:01:04	face	59280	0.90	2025-04-12 15:01:03	42.097918166666666	12.461273833333333
2025-04-12 15:01:04	face	63180	0.91	2025-04-12 15:01:03	42.097918166666666	12.461273833333333
2025-04-12 15:01:04	face	59701	0.91	2025-04-12 15:01:03	42.097918166666666	12.461273833333333
2025-04-12 15:01:04	face	61480	0.91	2025-04-12 15:01:03	42.097918166666666	12.461273833333333
2025-04-12 15:01:04	face	64701	0.90	2025-04-12 15:01:04	42.097900333333335	12.461225333333333
2025-04-12 15:01:04	face	61677	0.91	2025-04-12 15:01:04	42.097900333333335	12.461225333333333
2025-04-12 15:01:04	face	61104	0.91	2025-04-12 15:01:04	42.097900333333335	12.461225333333333
2025-04-12 15:01:04	face	62640	0.90	2025-04-12 15:01:04	42.097900333333335	12.461225333333333
2025-04-12 15:01:05	face	70395	0.91	2025-04-12 15:01:04	42.097900333333335	12.461225333333333
2025-04-12 15:01:05	face	85952	0.91	2025-04-12 15:01:04	42.097900333333335	12.461225333333333
2025-04-12 15:01:05	face	77357	0.91	2025-04-12 15:01:04	42.097900333333335	12.461225333333333
2025-04-12 15:01:05	face	70028	0.90	2025-04-12 15:01:04	42.097900333333335	12.461225333333333
2025-04-12 15:01:05	face	63882	0.92	2025-04-12 15:01:05	42.09787983333333	12.461176
2025-04-12 15:01:05	face	62872	0.92	2025-04-12 15:01:05	42.09787983333333	12.461176
2025-04-12 15:01:05	face	68808	0.91	2025-04-12 15:01:05	42.09787983333333	12.461176
2025-04-12 15:01:05	face	66640	0.91	2025-04-12 15:01:05	42.09787983333333	12.461176
2025-04-12 15:01:06	face	72750	0.93	2025-04-12 15:01:05	42.09787983333333	12.461176
2025-04-12 15:01:06	face	67200	0.92	2025-04-12 15:01:05	42.09787983333333	12.461176
2025-04-12 15:01:06	face	68769	0.92	2025-04-12 15:01:05	42.09787983333333	12.461176
2025-04-12 15:01:06	face	67920	0.91	2025-04-12 15:01:05	42.09787983333333	12.461176
2025-04-12 15:01:06	face	64541	0.91	2025-04-12 15:01:06	42.097854833333336	12.461127333333334
2025-04-12 15:01:06	face	78642	0.91	2025-04-12 15:01:06	42.097854833333336	12.461127333333334
2025-04-12 15:01:06	face	78030	0.90	2025-04-12 15:01:06	42.097854833333336	12.461127333333334
2025-04-12 15:01:07	face	79156	0.91	2025-04-12 15:01:06	42.097854833333336	12.461127333333334
2025-04-12 15:01:07	face	82056	0.90	2025-04-12 15:01:06	42.097854833333336	12.461127333333334
2025-04-12 15:01:07	face	88179	0.90	2025-04-12 15:01:06	42.097854833333336	12.461127333333334
2025-04-12 15:01:07	face	98441	0.91	2025-04-12 15:01:06	42.097854833333336	12.461127333333334
2025-04-12 15:01:07	face	96900	0.91	2025-04-12 15:01:06	42.097854833333336	12.461127333333334
2025-04-12 15:01:07	face	91462	0.91	2025-04-12 15:01:07	42.097827	12.461081666666667
2025-04-12 15:01:07	face	82056	0.91	2025-04-12 15:01:07	42.097827	12.461081666666667
2025-04-12 15:01:07	face	84510	0.91	2025-04-12 15:01:07	42.097827	12.461081666666667
2025-04-12 15:01:08	face	83160	0.91	2025-04-12 15:01:07	42.097827	12.461081666666667
2025-04-12 15:01:08	face	74715	0.92	2025-04-12 15:01:07	42.097827	12.461081666666667
2025-04-12 15:01:08	face	71250	0.91	2025-04-12 15:01:07	42.097827	12.461081666666667
2025-04-12 15:01:08	face	66240	0.90	2025-04-12 15:01:07	42.097827	12.461081666666667
2025-04-12 15:01:08	face	58986	0.90	2025-04-12 15:01:07	42.097827	12.461081666666667
2025-04-12 15:01:09	face	56832	0.90	2025-04-12 15:01:08	42.097796	12.4610465
2025-04-12 15:01:09	face	52430	0.92	2025-04-12 15:01:08	42.097796	12.4610465
2025-04-12 15:01:09	face	49920	0.92	2025-04-12 15:01:08	42.097796	12.4610465
2025-04-12 15:01:09	face	49504	0.92	2025-04-12 15:01:08	42.097796	12.4610465
2025-04-12 15:01:09	face	52185	0.92	2025-04-12 15:01:08	42.097796	12.4610465
2025-04-12 15:01:09	face	55440	0.90	2025-04-12 15:01:08	42.097796	12.4610465
2025-04-12 15:01:09	face	50820	0.90	2025-04-12 15:01:08	42.097796	12.4610465
2025-04-12 15:01:09	face	52858	0.91	2025-04-12 15:01:08	42.097796	12.4610465
2025-04-12 15:01:10	face	54718	0.91	2025-04-12 15:01:09	42.0977605	12.461020666666666
2025-04-12 15:01:10	face	54901	0.91	2025-04-12 15:01:09	42.0977605	12.461020666666666
2025-04-12 15:01:10	face	57018	0.91	2025-04-12 15:01:09	42.0977605	12.461020666666666
2025-04-12 15:01:10	face	55154	0.90	2025-04-12 15:01:09	42.0977605	12.461020666666666
2025-04-12 15:01:10	face	55335	0.90	2025-04-12 15:01:09	42.0977605	12.461020666666666
2025-04-12 15:01:11	face	55626	0.92	2025-04-12 15:01:09	42.0977605	12.461020666666666
2025-04-12 15:01:11	face	54684	0.92	2025-04-12 15:01:09	42.0977605	12.461020666666666
2025-04-12 15:01:11	face	57498	0.92	2025-04-12 15:01:09	42.0977605	12.461020666666666
2025-04-12 15:01:11	face	58725	0.91	2025-04-12 15:01:11	42.0977245	12.461009166666667
2025-04-12 15:01:11	face	53105	0.91	2025-04-12 15:01:11	42.0977245	12.461009166666667
2025-04-12 15:01:11	face	51030	0.90	2025-04-12 15:01:11	42.0977245	12.461009166666667
2025-04-12 15:01:11	face	52430	0.92	2025-04-12 15:01:11	42.0977245	12.461009166666667
2025-04-12 15:01:12	face	54936	0.91	2025-04-12 15:01:11	42.0977245	12.461009166666667
2025-04-12 15:01:12	face	57757	0.90	2025-04-12 15:01:11	42.0977245	12.461009166666667
2025-04-12 15:01:12	face	55880	0.91	2025-04-12 15:01:11	42.0977245	12.461009166666667
2025-04-12 15:01:12	face	49296	0.92	2025-04-12 15:01:11	42.0977245	12.461009166666667
2025-04-12 15:01:12	face	48616	0.92	2025-04-12 15:01:12	42.0976895	12.461010166666666
2025-04-12 15:01:12	face	50160	0.92	2025-04-12 15:01:12	42.0976895	12.461010166666666
2025-04-12 15:01:12	face	60192	0.90	2025-04-12 15:01:12	42.0976895	12.461010166666666
2025-04-12 15:01:13	face	60490	0.91	2025-04-12 15:01:12	42.0976895	12.461010166666666
2025-04-12 15:01:13	face	59964	0.91	2025-04-12 15:01:12	42.0976895	12.461010166666666
2025-04-12 15:01:13	face	59800	0.91	2025-04-12 15:01:12	42.0976895	12.461010166666666
2025-04-12 15:01:13	face	58275	0.91	2025-04-12 15:01:12	42.0976895	12.461010166666666
2025-04-12 15:01:13	face	58760	0.89	2025-04-12 15:01:12	42.0976895	12.461010166666666
2025-04-12 15:01:13	face	57825	0.92	2025-04-12 15:01:13	42.097653	12.4610235
2025-04-12 15:01:13	face	58760	0.91	2025-04-12 15:01:13	42.097653	12.4610235
2025-04-12 15:01:13	face	58050	0.91	2025-04-12 15:01:13	42.097653	12.4610235
2025-04-12 15:01:14	face	59701	0.90	2025-04-12 15:01:13	42.097653	12.4610235
2025-04-12 15:01:14	face	57344	0.91	2025-04-12 15:01:13	42.097653	12.4610235
2025-04-12 15:01:14	face	60192	0.91	2025-04-12 15:01:13	42.097653	12.4610235
2025-04-12 15:01:14	face	57344	0.91	2025-04-12 15:01:13	42.097653	12.4610235
2025-04-12 15:01:14	face	59540	0.91	2025-04-12 15:01:13	42.097653	12.4610235
2025-04-12 15:01:14	face	60030	0.91	2025-04-12 15:01:14	42.0976155	12.461042333333333
2025-04-12 15:01:14	face	56610	0.92	2025-04-12 15:01:14	42.0976155	12.461042333333333
2025-04-12 15:01:15	face	61446	0.91	2025-04-12 15:01:14	42.0976155	12.461042333333333
2025-04-12 15:01:15	face	62100	0.91	2025-04-12 15:01:14	42.0976155	12.461042333333333
2025-04-12 15:01:15	face	57200	0.91	2025-04-12 15:01:14	42.0976155	12.461042333333333
2025-04-12 15:01:15	face	63525	0.89	2025-04-12 15:01:14	42.0976155	12.461042333333333
2025-04-12 15:01:15	face	60609	0.90	2025-04-12 15:01:14	42.0976155	12.461042333333333
2025-04-12 15:01:15	face	66123	0.90	2025-04-12 15:01:14	42.0976155	12.461042333333333
2025-04-12 15:01:15	face	66123	0.91	2025-04-12 15:01:15	42.097578666666664	12.461062166666666
2025-04-12 15:01:16	face	62560	0.91	2025-04-12 15:01:15	42.097578666666664	12.461062166666666
2025-04-12 15:01:16	face	56721	0.91	2025-04-12 15:01:15	42.097578666666664	12.461062166666666
2025-04-12 15:01:16	face	50996	0.90	2025-04-12 15:01:15	42.097578666666664	12.461062166666666
2025-04-12 15:01:16	face	54864	0.92	2025-04-12 15:01:15	42.097578666666664	12.461062166666666
2025-04-12 15:01:16	face	52328	0.92	2025-04-12 15:01:15	42.097578666666664	12.461062166666666
2025-04-12 15:01:16	face	52788	0.92	2025-04-12 15:01:15	42.097578666666664	12.461062166666666
2025-04-12 15:01:16	face	52117	0.92	2025-04-12 15:01:15	42.097578666666664	12.461062166666666
2025-04-12 15:01:16	face	52080	0.92	2025-04-12 15:01:16	42.09754133333333	12.461082333333334
2025-04-12 15:01:17	face	53889	0.93	2025-04-12 15:01:16	42.09754133333333	12.461082333333334
2025-04-12 15:01:17	face	57498	0.93	2025-04-12 15:01:16	42.09754133333333	12.461082333333334
2025-04-12 15:01:17	face	55080	0.91	2025-04-12 15:01:16	42.09754133333333	12.461082333333334
2025-04-12 15:01:17	face	50301	0.92	2025-04-12 15:01:16	42.09754133333333	12.461082333333334
2025-04-12 15:01:17	face	46964	0.92	2025-04-12 15:01:16	42.09754133333333	12.461082333333334
2025-04-12 15:01:17	face	48240	0.91	2025-04-12 15:01:16	42.09754133333333	12.461082333333334
2025-04-12 15:01:17	face	60456	0.90	2025-04-12 15:01:16	42.09754133333333	12.461082333333334
2025-04-12 15:01:18	face	54969	0.91	2025-04-12 15:01:18	42.09750316666667	12.461104
2025-04-12 15:01:18	face	51092	0.91	2025-04-12 15:01:18	42.09750316666667	12.461104
2025-04-12 15:01:18	face	58050	0.90	2025-04-12 15:01:18	42.09750316666667	12.461104
2025-04-12 15:01:18	face	61978	0.90	2025-04-12 15:01:18	42.09750316666667	12.461104
2025-04-12 15:01:18	face	62010	0.89	2025-04-12 15:01:18	42.09750316666667	12.461104
2025-04-12 15:01:18	face	54718	0.90	2025-04-12 15:01:18	42.09750316666667	12.461104
2025-04-12 15:01:18	face	49680	0.89	2025-04-12 15:01:18	42.09750316666667	12.461104
2025-04-12 15:01:19	face	44655	0.90	2025-04-12 15:01:18	42.09750316666667	12.461104
2025-04-12 15:01:19	face	46098	0.89	2025-04-12 15:01:19	42.097463166666664	12.461127833333334
2025-04-12 15:01:19	face	45276	0.90	2025-04-12 15:01:19	42.097463166666664	12.461127833333334
2025-04-12 15:01:19	face	44776	0.90	2025-04-12 15:01:19	42.097463166666664	12.461127833333334
2025-04-12 15:01:19	face	47200	0.91	2025-04-12 15:01:19	42.097463166666664	12.461127833333334
2025-04-12 15:01:19	face	54750	0.90	2025-04-12 15:01:19	42.097463166666664	12.461127833333334
2025-04-12 15:01:20	face	49028	0.90	2025-04-12 15:01:19	42.097463166666664	12.461127833333334
2025-04-12 15:01:20	face	47705	0.92	2025-04-12 15:01:19	42.097463166666664	12.461127833333334
2025-04-12 15:01:20	face	43200	0.90	2025-04-12 15:01:19	42.097463166666664	12.461127833333334
2025-04-12 15:01:20	face	49296	0.92	2025-04-12 15:01:20	42.09742133333334	12.461151833333334
2025-04-12 15:01:20	face	46662	0.92	2025-04-12 15:01:20	42.09742133333334	12.461151833333334
2025-04-12 15:01:20	face	42402	0.92	2025-04-12 15:01:20	42.09742133333334	12.461151833333334
2025-04-12 15:01:20	face	41230	0.91	2025-04-12 15:01:20	42.09742133333334	12.461151833333334
2025-04-12 15:01:21	face	47066	0.92	2025-04-12 15:01:20	42.09742133333334	12.461151833333334
2025-04-12 15:01:21	face	50094	0.90	2025-04-12 15:01:20	42.09742133333334	12.461151833333334
2025-04-12 15:01:21	face	57757	0.91	2025-04-12 15:01:20	42.09742133333334	12.461151833333334
2025-04-12 15:01:21	face	56797	0.90	2025-04-12 15:01:20	42.09742133333334	12.461151833333334
2025-04-12 15:01:21	face	56502	0.91	2025-04-12 15:01:21	42.09737966666667	12.461173666666667
2025-04-12 15:01:21	face	55372	0.90	2025-04-12 15:01:21	42.09737966666667	12.461173666666667
2025-04-12 15:01:21	face	56797	0.90	2025-04-12 15:01:21	42.09737966666667	12.461173666666667
2025-04-12 15:01:21	face	58164	0.90	2025-04-12 15:01:21	42.09737966666667	12.461173666666667
2025-04-12 15:01:22	face	63920	0.91	2025-04-12 15:01:21	42.09737966666667	12.461173666666667
2025-04-12 15:01:22	face	62370	0.91	2025-04-12 15:01:21	42.09737966666667	12.461173666666667
2025-04-12 15:01:22	face	66998	0.91	2025-04-12 15:01:21	42.09737966666667	12.461173666666667
2025-04-12 15:01:22	face	71136	0.92	2025-04-12 15:01:21	42.09737966666667	12.461173666666667
2025-04-12 15:01:22	face	74088	0.93	2025-04-12 15:01:22	42.0973405	12.461193333333334
2025-04-12 15:01:22	face	74168	0.92	2025-04-12 15:01:22	42.0973405	12.461193333333334
2025-04-12 15:01:22	face	77517	0.92	2025-04-12 15:01:22	42.0973405	12.461193333333334
2025-04-12 15:01:23	face	76586	0.92	2025-04-12 15:01:22	42.0973405	12.461193333333334
2025-04-12 15:01:23	face	73041	0.92	2025-04-12 15:01:22	42.0973405	12.461193333333334
2025-04-12 15:01:23	face	71736	0.90	2025-04-12 15:01:22	42.0973405	12.461193333333334
2025-04-12 15:01:23	face	68593	0.89	2025-04-12 15:01:22	42.0973405	12.461193333333334
2025-04-12 15:01:23	face	64170	0.90	2025-04-12 15:01:22	42.0973405	12.461193333333334
2025-04-12 15:01:23	face	78000	0.88	2025-04-12 15:01:23	42.097304333333334	12.4612095
2025-04-12 15:01:23	face	75594	0.83	2025-04-12 15:01:23	42.097304333333334	12.4612095
2025-04-12 15:01:23	face	77585	0.81	2025-04-12 15:01:23	42.097304333333334	12.4612095
2025-04-12 15:01:24	face	75852	0.81	2025-04-12 15:01:23	42.097304333333334	12.4612095
2025-04-12 15:01:24	face	72708	0.81	2025-04-12 15:01:23	42.097304333333334	12.4612095
2025-04-12 15:01:24	face	78637	0.87	2025-04-12 15:01:23	42.097304333333334	12.4612095
2025-04-12 15:01:24	face	56462	0.89	2025-04-12 15:01:23	42.097304333333334	12.4612095
2025-04-12 15:01:24	face	62100	0.91	2025-04-12 15:01:24	42.09727133333333	12.461221666666667
2025-04-12 15:01:24	face	66203	0.91	2025-04-12 15:01:24	42.09727133333333	12.461221666666667
2025-04-12 15:01:24	face	66920	0.91	2025-04-12 15:01:24	42.09727133333333	12.461221666666667
2025-04-12 15:01:25	face	69167	0.92	2025-04-12 15:01:24	42.09727133333333	12.461221666666667
2025-04-12 15:01:25	face	68728	0.91	2025-04-12 15:01:24	42.09727133333333	12.461221666666667
2025-04-12 15:01:25	face	70028	0.91	2025-04-12 15:01:24	42.09727133333333	12.461221666666667
2025-04-12 15:01:26	face	67354	0.91	2025-04-12 15:01:24	42.09727133333333	12.461221666666667
2025-04-12 15:01:26	face	71136	0.91	2025-04-12 15:01:24	42.09727133333333	12.461221666666667
2025-04-12 15:01:26	face	65052	0.93	2025-04-12 15:01:26	42.0972425	12.461230166666667
2025-04-12 15:01:26	face	61560	0.92	2025-04-12 15:01:26	42.0972425	12.461230166666667
2025-04-12 15:01:26	face	61560	0.91	2025-04-12 15:01:26	42.0972425	12.461230166666667
2025-04-12 15:01:26	face	60794	0.91	2025-04-12 15:01:26	42.0972425	12.461230166666667
2025-04-12 15:01:26	face	58300	0.92	2025-04-12 15:01:26	42.0972425	12.461230166666667
2025-04-12 15:01:26	face	57681	0.91	2025-04-12 15:01:26	42.0972425	12.461230166666667
2025-04-12 15:01:27	face	60609	0.91	2025-04-12 15:01:26	42.0972425	12.461230166666667
2025-04-12 15:01:27	face	61246	0.92	2025-04-12 15:01:26	42.0972425	12.461230166666667
2025-04-12 15:01:27	face	60836	0.90	2025-04-12 15:01:27	42.0972135	12.461237166666667
2025-04-12 15:01:27	face	62059	0.90	2025-04-12 15:01:27	42.0972135	12.461237166666667
2025-04-12 15:01:27	face	59664	0.91	2025-04-12 15:01:27	42.0972135	12.461237166666667
2025-04-12 15:01:27	face	59400	0.90	2025-04-12 15:01:27	42.0972135	12.461237166666667
2025-04-12 15:01:27	face	59175	0.92	2025-04-12 15:01:27	42.0972135	12.461237166666667
2025-04-12 15:01:28	face	57420	0.92	2025-04-12 15:01:27	42.0972135	12.461237166666667
2025-04-12 15:01:28	face	58608	0.92	2025-04-12 15:01:27	42.0972135	12.461237166666667
2025-04-12 15:01:28	face	60342	0.92	2025-04-12 15:01:27	42.0972135	12.461237166666667
2025-04-12 15:01:28	face	63525	0.92	2025-04-12 15:01:28	42.097184166666665	12.461242
2025-04-12 15:01:28	face	60794	0.92	2025-04-12 15:01:28	42.097184166666665	12.461242
2025-04-12 15:01:28	face	65608	0.91	2025-04-12 15:01:28	42.097184166666665	12.461242
2025-04-12 15:01:28	face	73292	0.91	2025-04-12 15:01:28	42.097184166666665	12.461242
2025-04-12 15:01:28	face	69784	0.91	2025-04-12 15:01:28	42.097184166666665	12.461242
2025-04-12 15:01:29	face	73117	0.91	2025-04-12 15:01:28	42.097184166666665	12.461242
2025-04-12 15:01:29	face	74088	0.91	2025-04-12 15:01:28	42.097184166666665	12.461242
2025-04-12 15:01:29	face	74888	0.91	2025-04-12 15:01:28	42.097184166666665	12.461242
2025-04-12 15:01:29	face	74635	0.91	2025-04-12 15:01:29	42.09715816666667	12.461241666666666
2025-04-12 15:01:29	face	72168	0.92	2025-04-12 15:01:29	42.09715816666667	12.461241666666666
2025-04-12 15:01:29	face	70889	0.90	2025-04-12 15:01:29	42.09715816666667	12.461241666666666
2025-04-12 15:01:29	face	66878	0.91	2025-04-12 15:01:29	42.09715816666667	12.461241666666666
2025-04-12 15:01:30	face	67398	0.92	2025-04-12 15:01:29	42.09715816666667	12.461241666666666
2025-04-12 15:01:30	face	68486	0.91	2025-04-12 15:01:29	42.09715816666667	12.461241666666666
2025-04-12 15:01:30	face	67116	0.91	2025-04-12 15:01:29	42.09715816666667	12.461241666666666
2025-04-12 15:01:30	face	66360	0.91	2025-04-12 15:01:29	42.09715816666667	12.461241666666666
2025-04-12 15:01:30	face	64496	0.92	2025-04-12 15:01:30	42.09713833333333	12.461233833333333
2025-04-12 15:01:30	face	58016	0.91	2025-04-12 15:01:30	42.09713833333333	12.461233833333333
2025-04-12 15:01:30	face	58203	0.88	2025-04-12 15:01:30	42.09713833333333	12.461233833333333
2025-04-12 15:01:31	face	62330	0.90	2025-04-12 15:01:30	42.09713833333333	12.461233833333333
2025-04-12 15:01:31	face	58240	0.90	2025-04-12 15:01:30	42.09713833333333	12.461233833333333
2025-04-12 15:01:31	face	57498	0.91	2025-04-12 15:01:30	42.09713833333333	12.461233833333333
2025-04-12 15:01:31	face	54901	0.91	2025-04-12 15:01:30	42.09713833333333	12.461233833333333
2025-04-12 15:01:31	face	57534	0.92	2025-04-12 15:01:30	42.09713833333333	12.461233833333333
2025-04-12 15:01:31	face	60609	0.91	2025-04-12 15:01:31	42.097126333333335	12.461221166666666
2025-04-12 15:01:31	face	60648	0.92	2025-04-12 15:01:31	42.097126333333335	12.461221166666666
2025-04-12 15:01:31	face	58203	0.92	2025-04-12 15:01:31	42.097126333333335	12.461221166666666
2025-04-12 15:01:32	face	58688	0.91	2025-04-12 15:01:31	42.097126333333335	12.461221166666666
2025-04-12 15:01:32	face	62640	0.91	2025-04-12 15:01:31	42.097126333333335	12.461221166666666
2025-04-12 15:01:32	face	63842	0.92	2025-04-12 15:01:31	42.097126333333335	12.461221166666666
2025-04-12 15:01:32	face	59584	0.93	2025-04-12 15:01:31	42.097126333333335	12.461221166666666
2025-04-12 15:01:32	face	59701	0.93	2025-04-12 15:01:31	42.097126333333335	12.461221166666666
2025-04-12 15:01:32	face	60648	0.93	2025-04-12 15:01:32	42.097121	12.461204
2025-04-12 15:01:33	face	64227	0.92	2025-04-12 15:01:32	42.097121	12.461204
2025-04-12 15:01:33	face	70110	0.92	2025-04-12 15:01:32	42.097121	12.461204
2025-04-12 15:01:33	face	73332	0.92	2025-04-12 15:01:32	42.097121	12.461204
2025-04-12 15:01:33	face	71920	0.91	2025-04-12 15:01:32	42.097121	12.461204
2025-04-12 15:01:33	face	63180	0.92	2025-04-12 15:01:32	42.097121	12.461204
2025-04-12 15:01:33	face	45936	0.89	2025-04-12 15:01:32	42.097121	12.461204
2025-04-12 15:01:38	face	57120	0.91	2025-04-12 15:01:38	42.09720633333333	12.461102499999999
2025-04-12 15:01:38	face	77616	0.88	2025-04-12 15:01:38	42.09720633333333	12.461102499999999
2025-04-12 15:01:38	face	69825	0.89	2025-04-12 15:01:38	42.09720633333333	12.461102499999999
2025-04-12 15:01:39	face	80080	0.92	2025-04-12 15:01:38	42.09723566666667	12.461077166666666
2025-04-12 15:01:39	face	78174	0.91	2025-04-12 15:01:38	42.09723566666667	12.461077166666666
2025-04-12 15:01:39	face	74296	0.92	2025-04-12 15:01:38	42.09723566666667	12.461077166666666
2025-04-12 15:01:39	face	73080	0.91	2025-04-12 15:01:38	42.09723566666667	12.461077166666666
2025-04-12 15:01:39	face	69335	0.92	2025-04-12 15:01:38	42.09723566666667	12.461077166666666
2025-04-12 15:01:39	face	67721	0.92	2025-04-12 15:01:38	42.09723566666667	12.461077166666666
2025-04-12 15:01:39	face	73584	0.91	2025-04-12 15:01:38	42.09723566666667	12.461077166666666
2025-04-12 15:01:39	face	73876	0.92	2025-04-12 15:01:38	42.09723566666667	12.461077166666666
2025-04-12 15:01:40	face	68076	0.91	2025-04-12 15:01:39	42.097264333333335	12.461049166666667
2025-04-12 15:01:40	face	71852	0.91	2025-04-12 15:01:39	42.097264333333335	12.461049166666667
2025-04-12 15:01:40	face	63648	0.92	2025-04-12 15:01:39	42.097264333333335	12.461049166666667
2025-04-12 15:01:40	face	63648	0.91	2025-04-12 15:01:39	42.097264333333335	12.461049166666667
2025-04-12 15:01:40	face	65212	0.92	2025-04-12 15:01:39	42.097264333333335	12.461049166666667
2025-04-12 15:01:40	face	63104	0.93	2025-04-12 15:01:39	42.097264333333335	12.461049166666667
2025-04-12 15:01:40	face	61978	0.91	2025-04-12 15:01:39	42.097264333333335	12.461049166666667
2025-04-12 15:01:40	face	53714	0.92	2025-04-12 15:01:39	42.097264333333335	12.461049166666667
2025-04-12 15:01:40	face	52152	0.92	2025-04-12 15:01:40	42.0972925	12.461017166666666
2025-04-12 15:01:41	face	56134	0.92	2025-04-12 15:01:40	42.0972925	12.461017166666666
2025-04-12 15:01:41	face	61104	0.92	2025-04-12 15:01:40	42.0972925	12.461017166666666
2025-04-12 15:01:41	face	64860	0.91	2025-04-12 15:01:40	42.0972925	12.461017166666666
2025-04-12 15:01:41	face	60116	0.93	2025-04-12 15:01:40	42.0972925	12.461017166666666
2025-04-12 15:01:41	face	64625	0.91	2025-04-12 15:01:40	42.0972925	12.461017166666666
2025-04-12 15:01:41	face	60382	0.91	2025-04-12 15:01:40	42.0972925	12.461017166666666
2025-04-12 15:01:41	face	57498	0.93	2025-04-12 15:01:40	42.0972925	12.461017166666666
2025-04-12 15:01:42	face	62139	0.93	2025-04-12 15:01:41	42.097319166666665	12.460982166666668
2025-04-12 15:01:42	face	59175	0.93	2025-04-12 15:01:41	42.097319166666665	12.460982166666668
2025-04-12 15:01:42	face	56721	0.92	2025-04-12 15:01:41	42.097319166666665	12.460982166666668
2025-04-12 15:01:42	face	55626	0.91	2025-04-12 15:01:41	42.097319166666665	12.460982166666668
2025-04-12 15:01:42	face	53463	0.93	2025-04-12 15:01:41	42.097319166666665	12.460982166666668
2025-04-12 15:01:42	face	55845	0.93	2025-04-12 15:01:41	42.097319166666665	12.460982166666668
2025-04-12 15:01:42	face	55590	0.92	2025-04-12 15:01:41	42.097319166666665	12.460982166666668
2025-04-12 15:01:42	face	57534	0.92	2025-04-12 15:01:41	42.097319166666665	12.460982166666668
2025-04-12 15:01:42	face	57018	0.93	2025-04-12 15:01:42	42.0973435	12.460947666666666
2025-04-12 15:01:43	face	62910	0.93	2025-04-12 15:01:42	42.0973435	12.460947666666666
2025-04-12 15:01:43	face	62677	0.92	2025-04-12 15:01:42	42.0973435	12.460947666666666
2025-04-12 15:01:43	face	61180	0.92	2025-04-12 15:01:42	42.0973435	12.460947666666666
2025-04-12 15:01:43	face	64701	0.91	2025-04-12 15:01:42	42.0973435	12.460947666666666
2025-04-12 15:01:43	face	65688	0.92	2025-04-12 15:01:42	42.0973435	12.460947666666666
2025-04-12 15:01:43	face	64701	0.91	2025-04-12 15:01:42	42.0973435	12.460947666666666
2025-04-12 15:01:44	face	67440	0.92	2025-04-12 15:01:42	42.0973435	12.460947666666666
2025-04-12 15:01:44	face	70805	0.91	2025-04-12 15:01:44	42.09736683333333	12.4609125
2025-04-12 15:01:44	face	69296	0.92	2025-04-12 15:01:44	42.09736683333333	12.4609125
2025-04-12 15:01:44	face	69296	0.92	2025-04-12 15:01:44	42.09736683333333	12.4609125
2025-04-12 15:01:44	face	73584	0.93	2025-04-12 15:01:44	42.09736683333333	12.4609125
2025-04-12 15:01:44	face	66402	0.92	2025-04-12 15:01:44	42.09736683333333	12.4609125
2025-04-12 15:01:44	face	60490	0.92	2025-04-12 15:01:44	42.09736683333333	12.4609125
2025-04-12 15:01:44	face	56540	0.92	2025-04-12 15:01:44	42.09736683333333	12.4609125
2025-04-12 15:01:44	face	52611	0.92	2025-04-12 15:01:44	42.09736683333333	12.4609125
2025-04-12 15:01:45	face	53965	0.92	2025-04-12 15:01:45	42.09739016666666	12.460877333333332
2025-04-12 15:01:45	face	60382	0.90	2025-04-12 15:01:45	42.09739016666666	12.460877333333332
2025-04-12 15:01:45	face	64900	0.91	2025-04-12 15:01:45	42.09739016666666	12.460877333333332
2025-04-12 15:01:45	face	70889	0.91	2025-04-12 15:01:45	42.09739016666666	12.460877333333332
2025-04-12 15:01:45	face	72750	0.91	2025-04-12 15:01:45	42.09739016666666	12.460877333333332
2025-04-12 15:01:45	face	72500	0.93	2025-04-12 15:01:45	42.09739016666666	12.460877333333332
2025-04-12 15:01:45	face	68320	0.91	2025-04-12 15:01:45	42.09739016666666	12.460877333333332
2025-04-12 15:01:46	face	61830	0.92	2025-04-12 15:01:45	42.09739016666666	12.460877333333332
2025-04-12 15:01:46	face	65649	0.91	2025-04-12 15:01:46	42.09741116666667	12.460843
2025-04-12 15:01:46	face	67440	0.91	2025-04-12 15:01:46	42.09741116666667	12.460843
2025-04-12 15:01:46	face	70070	0.91	2025-04-12 15:01:46	42.09741116666667	12.460843
2025-04-12 15:01:46	face	72250	0.92	2025-04-12 15:01:46	42.09741116666667	12.460843
2025-04-12 15:01:46	face	73000	0.93	2025-04-12 15:01:46	42.09741116666667	12.460843
2025-04-12 15:01:46	face	68244	0.91	2025-04-12 15:01:46	42.09741116666667	12.460843
2025-04-12 15:01:46	face	66316	0.91	2025-04-12 15:01:46	42.09741116666667	12.460843
2025-04-12 15:01:47	face	63609	0.90	2025-04-12 15:01:46	42.09741116666667	12.460843
2025-04-12 15:01:47	face	66878	0.91	2025-04-12 15:01:47	42.09743233333333	12.460809
2025-04-12 15:01:47	face	67680	0.91	2025-04-12 15:01:47	42.09743233333333	12.460809
2025-04-12 15:01:47	face	67398	0.91	2025-04-12 15:01:47	42.09743233333333	12.460809
2025-04-12 15:01:47	face	67592	0.90	2025-04-12 15:01:47	42.09743233333333	12.460809
2025-04-12 15:01:47	face	73455	0.91	2025-04-12 15:01:47	42.09743233333333	12.460809
2025-04-12 15:01:47	face	72416	0.91	2025-04-12 15:01:47	42.09743233333333	12.460809
2025-04-12 15:01:48	face	71050	0.91	2025-04-12 15:01:47	42.09743233333333	12.460809
2025-04-12 15:01:48	face	75647	0.90	2025-04-12 15:01:47	42.09743233333333	12.460809
2025-04-12 15:01:48	face	77265	0.90	2025-04-12 15:01:48	42.097452833333335	12.460774833333334
2025-04-12 15:01:48	face	73408	0.90	2025-04-12 15:01:48	42.097452833333335	12.460774833333334
2025-04-12 15:01:48	face	73750	0.91	2025-04-12 15:01:48	42.097452833333335	12.460774833333334
2025-04-12 15:01:48	face	73250	0.91	2025-04-12 15:01:48	42.097452833333335	12.460774833333334
2025-04-12 15:01:48	face	74296	0.91	2025-04-12 15:01:48	42.097452833333335	12.460774833333334
2025-04-12 15:01:49	face	65330	0.90	2025-04-12 15:01:48	42.097452833333335	12.460774833333334
2025-04-12 15:01:49	face	61560	0.90	2025-04-12 15:01:48	42.097452833333335	12.460774833333334
2025-04-12 15:01:49	face	63756	0.91	2025-04-12 15:01:48	42.097452833333335	12.460774833333334
2025-04-12 15:01:49	face	61560	0.91	2025-04-12 15:01:49	42.09747266666667	12.460741166666667
2025-04-12 15:01:49	face	57276	0.91	2025-04-12 15:01:49	42.09747266666667	12.460741166666667
2025-04-12 15:01:49	face	57980	0.91	2025-04-12 15:01:49	42.09747266666667	12.460741166666667
2025-04-12 15:01:50	face	60609	0.92	2025-04-12 15:01:49	42.09747266666667	12.460741166666667
2025-04-12 15:01:50	face	65926	0.92	2025-04-12 15:01:49	42.09747266666667	12.460741166666667
2025-04-12 15:01:50	face	62139	0.91	2025-04-12 15:01:49	42.09747266666667	12.460741166666667
2025-04-12 15:01:50	face	62059	0.91	2025-04-12 15:01:49	42.09747266666667	12.460741166666667
2025-04-12 15:01:50	face	65886	0.92	2025-04-12 15:01:49	42.09747266666667	12.460741166666667
2025-04-12 15:01:50	face	62872	0.94	2025-04-12 15:01:50	42.09749216666667	12.4607085
2025-04-12 15:01:51	face	63484	0.93	2025-04-12 15:01:50	42.09749216666667	12.4607085
2025-04-12 15:01:51	face	64938	0.93	2025-04-12 15:01:50	42.09749216666667	12.4607085
2025-04-12 15:01:51	face	66640	0.94	2025-04-12 15:01:50	42.09749216666667	12.4607085
2025-04-12 15:01:51	face	64584	0.94	2025-04-12 15:01:50	42.09749216666667	12.4607085
2025-04-12 15:01:51	face	60382	0.91	2025-04-12 15:01:50	42.09749216666667	12.4607085
2025-04-12 15:01:51	face	59928	0.91	2025-04-12 15:01:50	42.09749216666667	12.4607085
2025-04-12 15:01:51	face	60116	0.92	2025-04-12 15:01:50	42.09749216666667	12.4607085
2025-04-12 15:01:52	face	59474	0.92	2025-04-12 15:01:51	42.09750983333333	12.460675333333333
2025-04-12 15:01:52	face	59664	0.93	2025-04-12 15:01:51	42.09750983333333	12.460675333333333
2025-04-12 15:01:52	face	58725	0.91	2025-04-12 15:01:51	42.09750983333333	12.460675333333333
2025-04-12 15:01:52	face	56576	0.91	2025-04-12 15:01:51	42.09750983333333	12.460675333333333
2025-04-12 15:01:52	face	58240	0.93	2025-04-12 15:01:51	42.09750983333333	12.460675333333333
2025-04-12 15:01:52	face	60382	0.92	2025-04-12 15:01:51	42.09750983333333	12.460675333333333
2025-04-12 15:01:52	face	61332	0.90	2025-04-12 15:01:51	42.09750983333333	12.460675333333333
2025-04-12 15:01:52	face	60342	0.91	2025-04-12 15:01:51	42.09750983333333	12.460675333333333
2025-04-12 15:01:53	face	59850	0.92	2025-04-12 15:01:52	42.0975215	12.460641
2025-04-12 15:01:53	face	63800	0.92	2025-04-12 15:01:52	42.0975215	12.460641
2025-04-12 15:01:53	face	66834	0.92	2025-04-12 15:01:52	42.0975215	12.460641
2025-04-12 15:01:53	face	69938	0.92	2025-04-12 15:01:52	42.0975215	12.460641
2025-04-12 15:01:53	face	72750	0.92	2025-04-12 15:01:52	42.0975215	12.460641
2025-04-12 15:01:53	face	71463	0.92	2025-04-12 15:01:52	42.0975215	12.460641
2025-04-12 15:01:54	face	70642	0.92	2025-04-12 15:01:52	42.0975215	12.460641
2025-04-12 15:01:54	face	64390	0.93	2025-04-12 15:01:52	42.0975215	12.460641
2025-04-12 15:01:54	face	62832	0.93	2025-04-12 15:01:54	42.09752266666667	12.460605666666666
2025-04-12 15:01:54	face	63568	0.92	2025-04-12 15:01:54	42.09752266666667	12.460605666666666
2025-04-12 15:01:54	face	66640	0.92	2025-04-12 15:01:54	42.09752266666667	12.460605666666666
2025-04-12 15:01:54	face	76626	0.92	2025-04-12 15:01:54	42.09752266666667	12.460605666666666
2025-04-12 15:01:55	face	80478	0.92	2025-04-12 15:01:54	42.09752266666667	12.460605666666666
2025-04-12 15:01:55	face	81090	0.93	2025-04-12 15:01:54	42.09752266666667	12.460605666666666
2025-04-12 15:01:55	face	75692	0.93	2025-04-12 15:01:54	42.09752266666667	12.460605666666666
2025-04-12 15:01:55	face	72459	0.92	2025-04-12 15:01:54	42.09752266666667	12.460605666666666
2025-04-12 15:01:55	face	67480	0.92	2025-04-12 15:01:55	42.097514333333336	12.460572666666666
2025-04-12 15:01:56	face	71920	0.91	2025-04-12 15:01:55	42.097514333333336	12.460572666666666
2025-04-12 15:01:56	face	72500	0.91	2025-04-12 15:01:55	42.097514333333336	12.460572666666666
2025-04-12 15:01:56	face	70889	0.93	2025-04-12 15:01:55	42.097514333333336	12.460572666666666
2025-04-12 15:01:56	face	65412	0.92	2025-04-12 15:01:55	42.097514333333336	12.460572666666666
2025-04-12 15:01:57	face	61104	0.94	2025-04-12 15:01:55	42.097514333333336	12.460572666666666
2025-04-12 15:01:57	face	54648	0.94	2025-04-12 15:01:55	42.097514333333336	12.460572666666666
2025-04-12 15:01:57	face	68880	0.89	2025-04-12 15:01:55	42.097514333333336	12.460572666666666
2025-04-12 15:01:57	face	78862	0.90	2025-04-12 15:01:57	42.09749816666667	12.460544166666667
2025-04-12 15:01:57	face	81702	0.90	2025-04-12 15:01:57	42.09749816666667	12.460544166666667
2025-04-12 15:01:57	face	82583	0.89	2025-04-12 15:01:57	42.09749816666667	12.460544166666667
2025-04-12 15:01:57	face	82384	0.90	2025-04-12 15:01:57	42.09749816666667	12.460544166666667
2025-04-12 15:01:57	face	79800	0.90	2025-04-12 15:01:57	42.09749816666667	12.460544166666667
2025-04-12 15:01:58	face	81130	0.89	2025-04-12 15:01:57	42.09749816666667	12.460544166666667
2025-04-12 15:01:58	face	82852	0.89	2025-04-12 15:01:57	42.09749816666667	12.460544166666667
2025-04-12 15:01:58	face	86388	0.90	2025-04-12 15:01:57	42.09749816666667	12.460544166666667
2025-04-12 15:01:58	face	85449	0.90	2025-04-12 15:01:58	42.097474166666665	12.460523
2025-04-12 15:01:58	face	85408	0.90	2025-04-12 15:01:58	42.097474166666665	12.460523
2025-04-12 15:01:58	face	86940	0.89	2025-04-12 15:01:58	42.097474166666665	12.460523
2025-04-12 15:01:58	face	94792	0.87	2025-04-12 15:01:58	42.097474166666665	12.460523
2025-04-12 15:01:58	face	95484	0.87	2025-04-12 15:01:58	42.097474166666665	12.460523
2025-04-12 15:01:59	face	87809	0.86	2025-04-12 15:01:58	42.097474166666665	12.460523
2025-04-12 15:01:59	face	74530	0.90	2025-04-12 15:01:58	42.097474166666665	12.460523
2025-04-12 15:01:59	face	76110	0.91	2025-04-12 15:01:58	42.097474166666665	12.460523
2025-04-12 15:01:59	face	83659	0.92	2025-04-12 15:01:59	42.097447333333335	12.460507166666666
2025-04-12 15:01:59	face	88320	0.91	2025-04-12 15:01:59	42.097447333333335	12.460507166666666
2025-04-12 15:01:59	face	76288	0.93	2025-04-12 15:01:59	42.097447333333335	12.460507166666666
2025-04-12 15:02:00	face	75008	0.93	2025-04-12 15:01:59	42.097447333333335	12.460507166666666
2025-04-12 15:02:00	face	76800	0.93	2025-04-12 15:01:59	42.097447333333335	12.460507166666666
2025-04-12 15:02:00	face	79605	0.92	2025-04-12 15:01:59	42.097447333333335	12.460507166666666
2025-04-12 15:02:00	face	83739	0.93	2025-04-12 15:01:59	42.097447333333335	12.460507166666666
2025-04-12 15:02:00	face	79820	0.93	2025-04-12 15:01:59	42.097447333333335	12.460507166666666
2025-04-12 15:02:00	face	68244	0.93	2025-04-12 15:02:00	42.09742116666666	12.4604915
2025-04-12 15:02:00	face	58500	0.91	2025-04-12 15:02:00	42.09742116666666	12.4604915
2025-04-12 15:02:01	face	61712	0.94	2025-04-12 15:02:00	42.09742116666666	12.4604915
2025-04-12 15:02:01	face	62176	0.93	2025-04-12 15:02:00	42.09742116666666	12.4604915
2025-04-12 15:02:01	face	63143	0.94	2025-04-12 15:02:00	42.09742116666666	12.4604915
2025-04-12 15:02:01	face	62370	0.95	2025-04-12 15:02:00	42.09742116666666	12.4604915
2025-04-12 15:02:01	face	64192	0.93	2025-04-12 15:02:00	42.09742116666666	12.4604915
2025-04-12 15:02:01	face	68244	0.92	2025-04-12 15:02:00	42.09742116666666	12.4604915
2025-04-12 15:02:02	face	67760	0.92	2025-04-12 15:02:01	42.097397	12.460477166666667
2025-04-12 15:02:02	face	66720	0.93	2025-04-12 15:02:01	42.097397	12.460477166666667
2025-04-12 15:02:02	face	68076	0.93	2025-04-12 15:02:01	42.097397	12.460477166666667
2025-04-12 15:02:02	face	66000	0.92	2025-04-12 15:02:01	42.097397	12.460477166666667
2025-04-12 15:02:02	face	66757	0.93	2025-04-12 15:02:01	42.097397	12.460477166666667
2025-04-12 15:02:02	face	68564	0.93	2025-04-12 15:02:01	42.097397	12.460477166666667
2025-04-12 15:02:02	face	65450	0.93	2025-04-12 15:02:01	42.097397	12.460477166666667
2025-04-12 15:02:02	face	65212	0.93	2025-04-12 15:02:01	42.097397	12.460477166666667
2025-04-12 15:02:02	face	66516	0.93	2025-04-12 15:02:02	42.0973735	12.460461833333333
2025-04-12 15:02:03	face	66757	0.93	2025-04-12 15:02:02	42.0973735	12.460461833333333
2025-04-12 15:02:03	face	64938	0.93	2025-04-12 15:02:02	42.0973735	12.460461833333333
2025-04-12 15:02:03	face	66720	0.93	2025-04-12 15:02:02	42.0973735	12.460461833333333
2025-04-12 15:02:03	face	67518	0.93	2025-04-12 15:02:02	42.0973735	12.460461833333333
2025-04-12 15:02:03	face	64428	0.92	2025-04-12 15:02:02	42.0973735	12.460461833333333
2025-04-12 15:02:03	face	62677	0.92	2025-04-12 15:02:02	42.0973735	12.460461833333333
2025-04-12 15:02:03	face	62176	0.93	2025-04-12 15:02:02	42.0973735	12.460461833333333
2025-04-12 15:02:04	face	61410	0.92	2025-04-12 15:02:04	42.09735166666667	12.4604495
2025-04-12 15:02:04	face	61908	0.92	2025-04-12 15:02:04	42.09735166666667	12.4604495
2025-04-12 15:02:04	face	61410	0.92	2025-04-12 15:02:04	42.09735166666667	12.4604495
2025-04-12 15:02:04	face	62139	0.92	2025-04-12 15:02:04	42.09735166666667	12.4604495
2025-04-12 15:02:04	face	59212	0.92	2025-04-12 15:02:04	42.09735166666667	12.4604495
2025-04-12 15:02:04	face	66834	0.93	2025-04-12 15:02:04	42.09735166666667	12.4604495
2025-04-12 15:02:04	face	65412	0.93	2025-04-12 15:02:04	42.09735166666667	12.4604495
2025-04-12 15:02:05	face	66681	0.92	2025-04-12 15:02:04	42.09735166666667	12.4604495
2025-04-12 15:02:05	face	63882	0.91	2025-04-12 15:02:05	42.09733116666666	12.460442
2025-04-12 15:02:05	face	70642	0.91	2025-04-12 15:02:05	42.09733116666666	12.460442
2025-04-12 15:02:05	face	71463	0.91	2025-04-12 15:02:05	42.09733116666666	12.460442
2025-04-12 15:02:05	face	65330	0.92	2025-04-12 15:02:05	42.09733116666666	12.460442
2025-04-12 15:02:05	face	56898	0.91	2025-04-12 15:02:05	42.09733116666666	12.460442
2025-04-12 15:02:05	face	60032	0.92	2025-04-12 15:02:05	42.09733116666666	12.460442
2025-04-12 15:02:06	face	59274	0.92	2025-04-12 15:02:05	42.09733116666666	12.460442
2025-04-12 15:02:06	face	61290	0.91	2025-04-12 15:02:05	42.09733116666666	12.460442
2025-04-12 15:02:06	face	60836	0.92	2025-04-12 15:02:06	42.097309833333334	12.460434666666666
2025-04-12 15:02:06	face	72124	0.92	2025-04-12 15:02:06	42.097309833333334	12.460434666666666
2025-04-12 15:02:06	face	75735	0.92	2025-04-12 15:02:06	42.09711683333333	12.4603265
2025-04-12 15:02:06	face	71214	0.92	2025-04-12 15:02:06	42.09711683333333	12.4603265
2025-04-12 15:02:07	face	79910	0.92	2025-04-12 15:02:06	42.09711683333333	12.4603265
2025-04-12 15:02:07	face	72539	0.92	2025-04-12 15:02:06	42.09711683333333	12.4603265
2025-04-12 15:02:07	face	68002	0.92	2025-04-12 15:02:06	42.09711683333333	12.4603265
2025-04-12 15:02:07	face	75480	0.93	2025-04-12 15:02:06	42.09711683333333	12.4603265
2025-04-12 15:02:07	face	73370	0.92	2025-04-12 15:02:06	42.09711683333333	12.4603265
2025-04-12 15:02:07	face	80215	0.92	2025-04-12 15:02:06	42.09711683333333	12.4603265
2025-04-12 15:02:07	face	77658	0.94	2025-04-12 15:02:06	42.09711683333333	12.4603265
2025-04-12 15:02:07	face	75480	0.92	2025-04-12 15:02:06	42.09711683333333	12.4603265
2025-04-12 15:02:08	face	70227	0.94	2025-04-12 15:02:06	42.09711683333333	12.4603265
2025-04-12 15:02:08	face	71540	0.93	2025-04-12 15:02:06	42.09711683333333	12.4603265
2025-04-12 15:02:08	face	71004	0.94	2025-04-12 15:02:06	42.09711683333333	12.4603265
2025-04-12 15:02:08	face	69296	0.92	2025-04-12 15:02:06	42.09711683333333	12.4603265
2025-04-12 15:02:08	face	77010	0.92	2025-04-12 15:02:06	42.09711683333333	12.4603265
2025-04-12 15:02:08	face	77357	0.94	2025-04-12 15:02:08	42.097098833333334	12.460310833333333
2025-04-12 15:02:08	face	77824	0.93	2025-04-12 15:02:08	42.097098833333334	12.460310833333333
2025-04-12 15:02:09	face	86541	0.93	2025-04-12 15:02:08	42.097098833333334	12.460310833333333
2025-04-12 15:02:09	face	88228	0.91	2025-04-12 15:02:08	42.097098833333334	12.460310833333333
2025-04-12 15:02:09	face	80172	0.92	2025-04-12 15:02:08	42.097098833333334	12.460310833333333
2025-04-12 15:02:09	face	86496	0.94	2025-04-12 15:02:08	42.097098833333334	12.460310833333333
2025-04-12 15:02:09	face	76200	0.94	2025-04-12 15:02:08	42.097098833333334	12.460310833333333
2025-04-12 15:02:10	face	84688	0.94	2025-04-12 15:02:08	42.097098833333334	12.460310833333333
